,D,S,A,FA1,FA2,FA3,FA4,FA5,FA6,AD1,AD2,AD3,AD4,AD5,AD6,AD7,ECO1,ECO2,ECO3,ECO4,ECO5,SO1,SO2,SO3,SO4,SO5,SO6,SO7,SO8,STU1,STU2,STU3,STU4,STU5,STU6,DEV1,DEV2,DEV3,DEV4,DEV5,TT1,c1,c2,c3,c4,c5,c6,c7.1,c7.2,c7.3,c7.4,c7.5,c7.6,c7.7,c7.7k,c8.1,c8.2,c8.3,c8.4,c8.5,c8.6,c8.7,c8.8,c8.9,c8.10,c8.11,c8.12,c8.13,c8.14,c8.15,c8.16,c8.17,c8.18,c8.19,c8.20,c8.21,c8.22,c8.23,c8.24,c8.25,c8.26,c8.27,c8.28,c8.29,c8.30,c8.31,c8.32,c8.33,c8.34,c8.35,c8.36,c9.1,c9.2,c9.3,c9.4,c9.5,d1,d2,d3,d4,d5,d6,d7,F_STU,F_ECO,F_AD1,F_AD2,F_SO,F_FA
0,5,5,3,4,4,3.0,3,4.0,4.0,4,4.0,4,4.0,4.0,4,4.0,4,4.0,4,3,4,2.0,4,4.0,3.0,3,3,3.0,4,4,4.0,4,4,4,2,4,4,4,4,4,4,0,0,1,0,0,0,3,3,3,2,3,3,1,4,2,2,2,2,2,3,2,2,2,2,3,3,4,4,2,4,2,2,3,2,2,3,2,3,2,2,2,2,3,3,3,3,3,3,3,3,3,3,3,3,4,1,1,1,0,1,1,2,4.0,3.5,4.0,4.0,3.0,3.66666666666667
1,1,2,1,1,1,2.0,2,3.0,3.0,3,3.0,3,2.0,2.0,2,2.0,3,2.0,2,3,2,2.0,2,2.0,3.0,2,2,2.0,2,2,2.0,2,2,2,2,2,2,2,2,2,2,0,1,1,0,1,0,3,3,3,1,3,3,1,4,3,3,2,2,2,2,2,2,3,2,4,2,2,4,1,4,3,2,3,2,2,4,4,4,2,2,3,4,4,3,2,4,4,4,4,4,5,5,5,5,5,2,2,1,0,2,2,2,2.0,2.33333333333333,3.0,2.0,2.0,1.33333333333333
2,1,1,1,3,4,4.0,4,5.0,4.0,2,3.0,4,4.0,5.0,4,5.0,2,4.0,5,3,3,5.0,5,5.0,5.0,4,3,3.0,5,2,2.0,5,3,4,1,1,1,1,4,1,1,1,0,1,0,0,0,3,3,2,3,3,4,1,4,2,2,2,2,2,2,2,2,2,3,3,2,2,3,1,3,2,2,3,2,2,3,2,3,2,2,2,2,2,3,2,2,2,2,4,4,1,2,2,2,5,2,1,1,0,1,1,0,2.71428571428571,3.0,3.0,4.5,3.5,3.66666666666667
3,2,2,1,2,1,4.0,2,4.0,2.0,2,1.0,1,2.0,2.0,2,3.0,2,3.0,4,4,4,2.0,3,2.0,2.0,3,3,2.0,3,2,2.0,3,4,3,3,2,2,4,4,4,3,0,1,1,1,0,1,2,2,1,2,2,2,1,4,2,2,2,2,2,3,1,2,2,3,4,2,2,5,3,4,2,2,4,2,2,2,2,2,2,2,2,3,3,3,1,2,5,4,3,3,3,3,3,2,3,2,1,2,2,1,2,2,2.85714285714286,3.33333333333333,1.33333333333333,2.0,3.0,1.66666666666667
4,2,5,3,4,4,5.0,3,4.0,4.0,2,4.0,4,5.0,4.0,3,2.0,4,4.0,4,4,4,3.0,4,4.0,5.0,5,3,1.0,3,4,4.0,4,3,1,3,5,5,5,5,5,5,0,1,0,0,1,0,3,3,2,2,3,2,1,4,3,3,4,3,3,3,3,3,3,2,3,4,3,2,2,3,3,3,3,4,3,3,2,3,3,3,3,4,3,3,2,4,4,2,4,3,3,3,2,2,3,2,1,1,1,1,1,0,4.0,3.83333333333333,3.33333333333333,3.5,4.0,3.66666666666667
5,2,4,2,3,4,2.0,2,4.0,4.0,3,3.0,2,2.0,2.0,3,3.0,4,3.0,3,4,4,3.0,3,2.0,3.0,2,2,3.0,4,3,4.0,3,3,3,3,2,4,3,3,3,4,1,1,1,0,1,0,3,3,1,1,3,3,1,4,2,1,1,2,2,5,1,3,1,2,3,2,1,4,3,4,4,1,1,1,1,3,1,4,4,2,3,3,2,1,2,3,3,3,3,3,4,4,4,4,1,2,1,4,0,2,2,0,3.14285714285714,3.5,2.66666666666667,2.5,2.0,3.0
6,3,3,3,3,2,3.0,2,4.0,3.0,3,2.0,3,4.0,5.0,3,2.0,3,2.0,2,1,3,1.0,1,4.0,4.0,4,5,4.0,4,3,4.0,4,4,2,1,2,3,2,4,2,4,0,0,1,0,1,0,2,2,1,1,2,2,1,4,3,2,3,2,2,3,2,2,2,2,2,2,2,5,2,5,2,2,3,2,2,4,2,2,2,2,2,2,2,3,2,2,3,4,4,4,2,3,2,3,2,2,2,1,0,1,2,2,3.28571428571429,2.0,2.66666666666667,4.0,4.5,2.33333333333333
7,2,5,3,3,3,4.0,2,3.0,3.0,4,3.0,5,3.0,1.0,2,2.0,1,2.0,2,4,4,2.0,2,5.0,4.0,5,4,4.0,3,3,3.0,3,2,1,3,4,3,3,4,2,1,0,0,1,0,0,0,4,4,1,1,5,1,1,4,2,2,3,1,3,5,2,2,2,3,4,4,1,4,1,3,2,2,4,4,2,5,3,4,3,2,3,4,4,1,1,3,4,3,4,4,4,3,3,4,4,2,2,1,0,1,1,2,3.0,2.66666666666667,4.0,1.5,4.5,2.66666666666667
8,2,1,2,1,1,2.0,1,3.0,2.0,1,1.0,1,2.0,1.0,4,2.0,3,2.0,2,2,4,1.0,2,1.0,3.0,2,2,1.0,2,2,2.0,2,2,2,2,2,2,2,1,2,3,0,1,1,0,0,1,4,4,3,3,5,5,1,4,1,1,1,1,2,5,1,2,2,2,5,1,1,5,1,5,1,4,3,1,1,4,1,1,1,1,2,2,4,2,1,4,2,3,5,5,5,4,4,4,5,2,1,3,1,1,1,0,2.0,2.5,1.0,2.5,2.0,1.0
9,1,1,2,1,1,5.0,1,1.0,1.0,1,2.0,1,1.0,1.0,2,1.0,1,1.0,1,1,1,1.0,1,5.0,5.0,5,1,1.0,1,1,1.0,1,1,1,5,5,1,5,1,1,4,0,1,1,1,1,0,3,5,1,1,3,3,1,4,2,1,2,1,1,2,1,2,1,4,3,3,3,2,2,5,2,2,5,1,1,5,2,2,1,1,1,1,1,1,1,3,3,3,4,3,2,1,3,1,2,2,1,3,0,2,2,0,2.14285714285714,1.66666666666667,1.33333333333333,1.5,3.0,1.0
10,5,5,3,4,4,3.0,3,4.0,4.0,3,5.0,4,4.0,3.0,4,3.0,2,2.0,3,3,3,4.0,3,4.0,3.0,4,3,3.0,4,3,3.0,3,4,3,4,3,2,3,4,4,3,1,1,1,0,0,0,3,3,1,1,3,3,1,4,2,2,3,3,2,2,1,1,1,2,4,2,5,5,5,5,1,1,4,1,1,3,1,4,1,1,1,1,4,3,1,5,1,1,1,1,4,4,4,2,2,2,2,3,0,2,3,0,3.28571428571429,2.83333333333333,4.0,3.5,3.5,3.66666666666667
11,3,3,3,2,4,3.0,2,4.0,4.0,3,3.0,3,3.0,2.0,4,3.0,2,1.0,1,1,2,2.0,4,4.0,4.0,3,4,2.0,3,3,3.0,4,4,3,3,3,3,3,3,4,4,0,1,1,1,1,0,3,2,2,2,3,2,1,4,2,2,2,2,2,2,2,2,2,2,2,2,2,2,2,2,2,1,2,1,1,5,1,3,3,2,1,1,3,1,1,3,3,1,3,3,5,5,3,3,1,1,1,2,0,2,2,1,3.28571428571429,1.66666666666667,3.0,3.0,3.5,2.66666666666667
12,5,5,4,3,4,5.0,4,5.0,3.0,2,1.0,1,5.0,3.0,4,3.0,1,1.0,2,2,1,2.0,3,4.0,5.0,4,5,4.0,5,3,5.0,5,5,1,2,3,4,5,3,4,5,0,0,1,0,1,0,3,3,1,1,3,2,1,4,1,1,2,2,1,1,1,1,1,2,3,1,1,3,3,2,2,2,3,2,2,3,2,2,2,2,2,3,3,1,1,2,2,2,2,2,2,3,4,2,4,2,2,1,1,1,3,1,4.42857142857143,1.5,1.33333333333333,3.5,4.5,3.66666666666667
13,1,2,1,2,1,2.0,4,5.0,5.0,3,2.0,4,4.0,4.0,4,4.0,2,2.0,2,1,1,1.0,1,1.0,4.0,3,1,1.0,5,5,5.0,5,5,3,1,2,5,5,5,3,3,0,1,0,0,0,1,3,3,2,2,3,3,1,4,2,2,2,2,2,2,2,2,2,2,4,4,2,4,2,5,3,3,4,3,3,3,3,3,3,3,3,3,4,2,2,4,3,3,3,3,3,3,3,3,3,2,1,1,0,2,3,2,4.57142857142857,1.5,3.0,4.0,2.0,2.33333333333333
14,2,1,3,4,3,4.0,4,4.0,4.0,3,4.0,4,3.0,4.0,4,2.0,3,3.0,3,1,3,3.0,2,2.0,1.0,3,1,1.0,4,4,4.0,4,3,3,3,4,4,4,4,2,3,0,1,1,1,0,0,2,3,1,1,3,2,1,4,3,3,4,2,4,4,2,4,3,3,5,3,1,2,3,5,4,3,1,2,2,4,3,2,2,2,3,4,3,1,1,2,4,4,4,4,2,3,2,3,3,2,2,2,0,2,3,2,3.85714285714286,2.66666666666667,3.66666666666667,4.0,2.0,3.66666666666667
15,4,5,4,3,3,4.0,3,4.0,3.0,3,3.0,4,4.0,4.0,4,4.0,5,4.0,4,4,3,2.0,3,4.0,3.0,2,2,3.0,3,3,4.0,4,3,2,3,3,3,3,3,4,5,0,1,0,1,0,0,3,4,2,3,2,2,3,Thời sự,1,3,1,3,1,5,2,1,1,3,3,3,1,3,1,3,1,1,1,1,1,1,1,1,1,1,1,1,1,1,1,1,4,1,1,1,1,1,1,1,3,2,2,3,0,2,2,2,3.28571428571429,3.83333333333333,3.33333333333333,4.0,2.0,3.0
16,2,4,4,4,2,3.0,2,3.0,4.0,3,4.0,4,4.0,4.0,4,4.0,4,2.0,2,3,4,2.0,4,4.0,4.0,3,2,3.0,2,3,4.0,4,4,2,3,3,3,4,4,3,4,0,0,1,1,0,0,3,4,3,2,2,3,1,4,3,2,3,3,2,3,2,3,3,4,5,3,4,4,3,5,2,3,2,1,3,4,1,3,4,2,1,1,3,4,2,4,1,3,5,5,2,3,5,4,5,2,1,1,0,2,2,2,3.42857142857143,3.0,3.66666666666667,4.0,2.5,2.66666666666667
17,3,5,3,3,3,5.0,4,5.0,5.0,4,4.0,4,5.0,4.0,5,5.0,5,2.0,3,2,5,1.0,3,3.0,5.0,3,1,2.0,5,3,5.0,5,5,1,5,5,5,5,5,4,5,0,1,0,0,0,0,3,2,1,1,5,5,1,4,3,2,2,2,1,2,2,2,2,4,5,2,2,5,1,5,1,2,3,1,2,5,2,5,1,1,3,4,2,3,1,5,5,3,5,5,4,4,5,4,5,2,1,2,0,2,3,0,4.71428571428571,3.66666666666667,4.0,4.5,2.0,3.33333333333333
18,2,2,3,4,3,2.0,3,4.0,4.0,3,3.19907407407407,4,4.0,4.0,3,2.0,4,4.0,2,2,2,3.0,3,4.0,4.0,4,2,4.0,4,4,4.0,4,4,3,3,3,4,4,4,4,4,0,1,0,1,1,0,2,2,3,4,1,1,1,4,2,1,2,1,1,3,1,1,2,2,4,1,2,3,2,4,2,1,2,2,2,3,3,3,2,2,2,3,4,1,2,3,3,3,4,3,5,3,4,2,2,2,1,2,0,1,1,0,3.85714285714286,2.83333333333333,3.39969135802469,3.5,3.0,3.33333333333333
19,3,5,4,3,3,3.0,3,5.0,5.0,4,4.0,4,4.0,5.0,4,4.0,4,4.0,3,3,4,3.0,3,4.0,4.0,4,4,4.0,4,4,4.0,4,4,3,3,3,4,4,4,3,4,0,0,1,0,1,0,4,4,3,3,3,3,1,4,3,3,3,3,3,3,3,3,3,3,3,3,3,3,3,1,3,3,3,3,3,1,2,2,2,2,2,2,2,2,2,2,2,2,2,2,4,4,3,3,4,1,1,1,2,1,1,0,3.85714285714286,3.5,4.0,4.5,4.0,3.0
20,1,3,1,3,2,3.0,3,1.0,4.0,3,3.0,3,3.0,3.0,1,1.0,2,1.0,1,1,3,4.0,3,1.0,3.0,1,1,1.0,4,3,4.0,4,4,2,1,2,3,4,3,2,1,0,0,0,1,1,0,2,2,2,2,3,3,1,Tự áp lực do chính bản thân,4,1,1,1,1,1,1,1,1,1,2,1,2,2,1,1,1,1,2,1,1,1,1,1,1,1,1,3,1,1,1,2,1,2,2,2,1,2,3,3,2,2,1,2,0,2,2,2,3.57142857142857,1.5,3.0,2.0,1.0,2.66666666666667
21,2,2,1,4,3,4.0,5,5.0,4.0,3,4.0,3,4.0,1.0,2,3.0,4,4.0,2,3,5,4.0,3,2.0,3.0,2,1,1.0,4,4,4.0,4,4,4,4,4,5,5,3,4,4,0,1,1,0,0,1,2,2,1,2,3,2,1,4,2,2,3,2,2,3,2,1,2,3,3,2,2,5,3,5,3,3,2,1,3,4,3,2,1,1,1,2,2,1,1,4,4,5,4,4,2,2,4,4,5,2,1,1,0,3,3,2,4.14285714285714,3.66666666666667,3.33333333333333,1.5,1.5,4.0
22,2,5,3,3,2,4.0,4,4.0,4.0,3,4.0,4,4.0,4.0,4,3.0,4,4.0,4,3,4,3.0,3,4.0,3.0,3,2,3.0,3,4,4.0,4,2,3,4,4,3,3,3,2,3,0,0,1,0,0,0,2,2,2,2,3,3,1,4,1,1,1,1,1,1,1,1,1,1,1,1,3,1,1,1,1,1,1,1,1,1,1,1,1,1,1,1,1,1,1,1,1,1,1,1,3,3,3,3,3,1,2,3,0,2,3,2,3.42857142857143,3.83333333333333,3.66666666666667,4.0,2.5,3.0
23,2,2,1,2,4,2.0,2,2.0,3.0,4,5.0,4,3.0,4.0,4,2.0,2,4.0,3,2,3,2.0,2,3.0,4.0,5,3,2.0,2,3,4.0,4,4,1,1,2,3,4,3,2,2,0,0,0,0,0,0,3,3,2,1,4,4,1,4,3,1,2,2,1,1,1,1,1,2,1,2,3,4,3,3,2,3,2,2,2,3,2,2,2,2,1,2,1,3,1,1,1,2,3,3,2,3,2,2,3,2,2,2,0,2,2,0,3.28571428571429,2.5,4.33333333333333,4.0,4.0,2.66666666666667
24,1,1,1,3,3,3.0,3,3.0,2.0,2,3.0,4,5.0,4.0,3,3.0,4,3.0,3,4,4,4.0,5,1.0,1.0,2,2,2.0,5,2,2.0,2,2,3,3,3,2,2,2,2,2,0,0,1,0,0,0,1,1,1,1,1,1,1,4,2,3,2,2,2,3,2,2,2,2,2,2,2,2,2,5,2,2,5,2,2,3,2,2,2,2,2,2,2,2,2,2,2,2,2,3,3,4,3,3,3,2,1,3,0,2,3,0,2.57142857142857,3.5,3.0,3.5,2.0,3.0
25,3,3,2,5,4,4.0,4,4.0,5.0,4,4.0,5,4.0,4.0,4,5.0,4,4.0,4,4,4,5.0,4,4.0,5.0,4,4,4.0,5,4,4.0,4,4,4,5,4,5,5,4,4,5,0,1,1,0,1,0,2,3,1,1,3,3,3,Học tập,2,3,3,2,2,3,2,3,2,3,4,2,3,4,5,4,2,2,3,3,3,4,3,3,3,2,3,3,2,3,1,3,3,4,4,4,3,3,3,3,2,2,1,2,0,1,2,1,4.28571428571429,4.16666666666667,4.33333333333333,4.0,4.0,4.33333333333333
26,3,4,3,3,3,4.0,3,3.0,3.0,4,4.0,4,4.0,2.0,3,3.0,4,3.0,2,3,3,2.0,2,2.0,3.0,3,1,2.0,3,3,3.0,3,4,1,2,2,3,3,3,3,3,0,1,0,0,1,0,3,3,3,1,5,1,1,4,3,2,2,2,1,2,1,1,1,1,1,1,1,1,2,3,3,2,3,3,1,3,3,3,3,3,4,5,5,5,5,5,5,5,5,5,4,4,4,3,1,2,1,3,1,1,1,2,3.0,2.83333333333333,4.0,2.5,2.0,3.0
27,3,3,1,4,3,5.0,1,3.0,3.0,3,3.0,4,2.0,1.0,1,1.0,3,4.0,4,1,3,3.0,1,1.0,5.0,4,3,1.0,4,3,3.0,3,5,1,3,4,4,4,4,2,3,0,0,1,1,1,0,2,3,1,2,3,1,1,4,3,3,3,2,3,4,2,2,3,3,4,3,3,4,3,5,3,3,3,3,3,4,3,3,3,3,3,3,3,3,1,2,4,4,3,3,3,3,4,2,4,2,2,2,1,2,3,0,3.71428571428571,3.0,3.33333333333333,1.0,3.5,2.66666666666667
28,1,1,2,3,3,3.0,3,3.0,3.0,3,3.0,3,3.0,3.0,3,3.0,3,3.0,4,4,4,3.0,3,3.0,5.0,3,1,3.0,4,3,4.0,4,4,2,1,3,3,3,3,2,2,1,1,1,0,0,0,3,3,3,2,3,3,1,4,3,2,3,2,3,5,1,3,3,4,5,5,1,3,1,5,3,2,4,1,2,3,3,4,1,4,2,3,3,3,1,3,4,3,5,5,4,4,4,4,2,2,1,2,0,3,3,2,3.57142857142857,3.16666666666667,3.0,3.0,2.0,3.0
29,1,4,1,5,4,4.0,4,4.0,4.0,4,5.0,4,4.0,4.0,4,4.0,5,4.0,4,3,3,1.0,3,4.0,4.0,3,1,4.0,3,3,3.0,3,3,4,3,4,5,5,5,4,3,0,1,1,1,0,0,3,3,3,3,2,2,1,4,3,3,2,2,2,3,2,2,2,3,3,2,3,3,2,4,3,2,3,2,2,4,2,3,2,2,2,2,3,2,3,3,3,3,3,3,2,3,3,3,4,2,1,2,0,1,3,2,3.42857142857143,3.66666666666667,4.33333333333333,4.0,2.0,4.33333333333333
30,2,5,3,3,1,2.0,1,2.0,4.0,5,5.0,5,4.0,2.0,3,3.0,2,2.0,1,1,4,1.0,4,3.0,4.0,2,1,1.0,4,5,5.0,5,5,2,3,4,2,2,3,2,3,0,1,1,0,0,0,3,4,2,2,4,4,1,4,2,3,2,1,2,3,2,1,1,2,4,1,5,5,5,5,3,2,3,2,3,5,2,3,2,2,2,3,3,2,1,4,5,5,5,5,4,3,4,3,4,2,1,2,0,3,2,0,4.28571428571429,2.16666666666667,5.0,2.5,1.5,1.66666666666667
31,5,5,4,4,4,4.0,4,4.0,4.0,4,4.0,4,4.0,4.0,4,4.0,3,4.0,4,2,4,4.0,3,4.0,4.0,3,4,4.0,3,4,3.0,4,4,3,4,3,4,4,4,4,4,0,0,1,0,0,0,2,2,2,1,2,3,1,4,2,2,3,3,4,4,3,3,3,3,4,3,2,5,4,5,3,2,2,2,2,3,3,3,2,3,3,3,3,3,2,4,4,3,3,4,5,2,4,2,3,2,1,1,0,1,1,2,3.57142857142857,3.5,4.0,4.0,3.5,4.0
32,1,1,1,4,3,2.0,4,5.0,5.0,3,4.0,4,4.0,3.0,3,3.0,4,5.0,3,2,4,2.0,3,3.0,4.0,2,1,3.0,4,4,5.0,5,5,4,4,4,4,4,5,5,4,0,1,1,0,0,0,3,3,3,3,3,3,1,4,3,3,3,2,2,3,2,2,2,2,3,2,1,4,3,5,3,3,3,3,2,3,3,3,3,3,3,4,3,4,2,3,3,2,3,3,3,3,3,3,3,2,1,2,1,1,1,2,4.42857142857143,3.66666666666667,3.66666666666667,3.0,1.5,3.66666666666667
33,1,3,1,1,3,1.0,1,3.0,3.0,3,4.0,4,4.0,4.0,4,4.0,3,3.0,3,1,4,1.0,4,5.0,5.0,4,1,2.0,4,3,5.0,5,5,5,3,5,5,5,5,5,3,0,1,0,0,0,0,5,3,2,1,4,2,2,Sách,2,2,3,3,2,2,1,1,2,3,3,2,2,4,3,3,2,3,3,2,2,5,3,2,2,2,2,2,3,4,2,4,4,2,4,4,1,4,4,4,3,2,1,4,0,1,1,2,4.57142857142857,2.83333333333333,3.66666666666667,4.0,2.5,1.66666666666667
34,3,5,4,4,4,4.0,2,4.0,4.0,4,4.0,5,3.0,2.0,4,4.0,4,4.0,4,3,5,2.0,4,4.0,4.0,4,2,2.0,4,4,4.0,4,3,2,2,3,4,4,4,4,4,0,0,0,1,0,0,5,5,4,3,5,5,5,Các sự kiện ngoài ý muốn,2,2,4,2,4,4,3,3,3,4,5,3,2,2,2,3,3,2,3,3,3,5,4,3,2,2,3,3,3,2,1,5,5,5,4,5,4,4,3,3,2,2,2,4,0,2,3,2,3.71428571428571,3.66666666666667,4.33333333333333,3.0,3.0,3.33333333333333
35,3,2,4,2,3,5.0,5,4.0,3.0,3,4.0,4,3.0,3.0,3,2.0,4,4.0,1,1,3,2.0,2,4.0,2.0,2,1,3.0,4,4,5.0,3,4,3,3,5,5,3,4,1,3,0,0,1,0,1,0,2,2,2,2,2,2,1,4,1,3,3,3,3,1,3,1,3,1,3,1,3,1,3,3,3,3,3,2,3,2,2,1,3,1,1,3,2,2,3,1,3,2,3,2,3,2,2,3,2,2,1,4,0,1,1,0,4.0,2.66666666666667,3.66666666666667,3.0,1.5,3.33333333333333
36,3,5,3,3,2,3.0,4,3.0,4.0,4,2.0,3,4.0,4.0,3,2.0,4,3.0,3,3,4,3.0,4,4.0,4.0,3,2,3.0,3,3,2.0,3,2,2,2,3,3,3,2,5,4,0,1,0,1,0,0,2,4,1,1,2,3,1,4,2,3,2,2,1,3,2,2,1,3,5,3,1,2,1,5,3,2,1,2,2,3,2,2,1,1,2,2,3,3,1,3,4,3,3,4,3,4,4,2,5,2,2,1,1,1,1,2,2.71428571428571,3.16666666666667,3.0,3.5,2.5,3.0
37,4,3,2,4,2,5.0,3,4.0,2.0,1,1.0,1,4.0,4.0,3,1.0,5,5.0,5,1,5,1.0,4,4.0,3.0,1,1,1.0,2,2,2.0,4,3,1,1,3,3,3,3,4,4,0,0,1,0,1,0,2,3,1,2,3,5,1,Ý thức cá nhân,1,1,1,1,2,1,1,2,2,3,5,1,2,4,1,4,2,2,2,2,1,3,2,2,2,2,1,1,3,4,1,2,4,2,2,3,3,3,3,2,3,1,1,3,0,1,1,0,2.71428571428571,3.66666666666667,1.0,3.5,1.0,3.0
38,2,1,2,4,3,4.0,3,4.0,4.0,3,4.0,3,4.0,3.0,4,4.0,4,4.0,4,4,4,4.0,3,3.0,4.0,3,3,3.0,4,4,4.0,4,4,4,3,3,4,4,4,4,4,0,0,1,0,0,0,3,3,3,2,3,3,1,4,3,2,3,4,3,4,3,2,3,3,5,4,4,4,5,5,3,3,2,3,4,5,3,4,2,4,2,3,3,2,2,3,3,3,4,4,3,4,4,2,5,1,1,2,0,1,1,0,3.85714285714286,3.83333333333333,3.33333333333333,3.5,3.0,3.33333333333333
39,4,5,3,3,3,4.0,1,5.0,5.0,4,4.0,5,4.0,5.0,4,4.0,5,2.0,3,2,4,1.0,1,1.0,3.0,2,1,3.0,4,3,4.0,4,5,5,4,5,5,5,5,5,4,0,1,0,0,0,1,4,2,2,1,5,2,1,4,2,4,4,2,4,4,2,1,1,4,5,1,2,5,4,4,3,2,3,2,2,1,2,2,3,2,3,4,3,4,1,3,4,2,4,5,3,4,3,3,1,2,1,3,2,1,1,1,4.28571428571429,3.33333333333333,4.33333333333333,4.5,1.5,2.33333333333333
40,3,3,1,3,4,3.0,4,4.0,5.0,5,5.0,4,4.0,4.0,5,5.0,5,5.0,4,4,4,5.0,4,4.0,4.0,4,4,4.0,4,4,4.0,4,4,5,4,5,5,5,5,5,5,1,0,0,0,1,0,4,4,2,2,3,3,1,4,2,2,3,2,2,2,1,1,1,3,4,3,4,5,2,5,2,2,3,1,2,4,2,3,3,3,2,3,3,2,1,3,5,2,3,3,4,3,4,2,3,2,1,2,0,2,3,2,4.28571428571429,4.33333333333333,4.66666666666667,4.5,4.0,3.66666666666667
41,2,2,1,4,3,3.0,2,4.0,3.0,3,4.0,3,3.0,3.0,3,3.0,3,3.0,2,3,3,2.0,4,4.0,4.0,4,3,3.0,4,3,4.0,4,4,3,2,3,4,4,4,3,3,0,0,1,1,1,0,2,3,4,2,3,4,1,4,3,4,3,4,3,4,3,4,4,2,3,2,4,2,3,2,3,3,2,4,2,3,2,4,2,3,2,4,2,4,2,3,4,2,3,4,5,5,5,5,5,1,1,2,0,2,3,0,3.71428571428571,2.66666666666667,3.33333333333333,3.0,3.5,3.0
42,3,5,3,4,4,4.0,3,4.0,5.0,5,4.0,4,5.0,3.0,4,5.0,5,4.0,4,3,4,1.0,4,4.0,5.0,4,1,1.0,4,4,5.0,4,5,3,1,5,5,5,5,4,5,0,0,1,1,0,0,4,4,2,1,3,3,1,4,3,3,2,2,2,4,2,3,3,4,5,4,4,1,1,3,2,3,3,4,3,3,3,4,3,3,4,4,2,3,3,5,5,5,5,5,4,4,3,3,2,1,1,2,2,2,3,2,4.57142857142857,3.5,4.33333333333333,3.5,2.5,3.66666666666667
43,1,1,1,2,2,3.0,2,4.0,3.0,2,5.0,3,2.0,2.0,2,2.0,4,2.0,2,4,2,2.0,2,2.0,5.0,2,2,3.0,2,3,5.0,4,4,3,2,2,4,3,3,3,3,0,1,1,1,1,0,3,2,2,3,2,3,1,4,3,3,3,3,3,3,3,3,2,1,2,4,2,2,4,4,2,4,2,1,4,4,2,2,4,2,4,4,4,1,1,3,3,2,3,3,3,3,2,3,3,2,1,1,0,1,3,1,3.28571428571429,2.66666666666667,3.33333333333333,2.0,2.0,2.0
44,1,1,1,3,2,3.0,3,4.0,2.0,3,2.0,4,3.0,3.0,3,2.0,2,2.0,2,2,3,3.0,2,5.0,3.0,3,2,2.0,3,2,2.0,2,3,3,1,3,3,4,3,2,2,0,0,1,0,0,0,2,5,2,2,3,3,1,4,3,2,2,2,2,3,2,2,2,2,3,2,3,2,2,3,3,2,3,2,3,3,2,3,2,3,2,2,2,4,2,2,3,1,3,3,3,3,3,3,2,2,1,2,0,2,3,0,2.71428571428571,2.0,3.0,3.0,2.5,2.66666666666667
45,2,5,5,1,3,4.0,1,3.0,2.0,2,3.0,3,2.0,3.26046511627907,2,2.0,2,2.0,2,2,2,2.0,3,5.0,5.0,3,4,3.0,3,3,5.0,3,3,1,3,3,1,1,5,1,5,0,0,0,1,1,0,3,3,1,2,2,2,1,4,2,1,2,2,2,4,1,2,1,3,3,2,1,4,1,1,2,1,3,1,1,1,2,3,2,2,2,4,2,3,1,3,2,2,4,4,2,2,2,2,3,2,1,2,1,1,1,0,3.0,2.16666666666667,2.66666666666667,2.63023255813953,3.5,1.66666666666667
46,4,3,4,4,4,5.0,2,4.0,3.0,2,3.0,4,4.0,4.0,4,3.0,3,5.0,2,2,2,4.0,3,4.0,3.0,3,3,4.0,4,4,4.0,4,4,4,2,4,4,4,3,3,2,0,1,0,0,0,1,2,2,1,1,5,5,1,4,1,1,3,1,2,3,1,1,1,2,5,1,1,4,2,5,2,3,1,1,1,3,2,5,3,5,3,3,2,1,1,3,4,3,5,5,2,5,5,5,1,2,1,2,2,1,1,2,4.0,2.66666666666667,3.0,4.0,3.0,3.33333333333333
47,3,5,3,4,3,4.0,4,4.0,4.0,3,4.0,4,4.0,4.0,4,4.0,4,4.0,4,2,3,2.0,3,4.0,4.0,4,3,3.0,4,4,4.0,4,2,3,2,4,4,3,4,4,3,0,0,1,0,1,1,1,3,1,1,5,5,1,4,2,4,2,2,4,3,3,2,2,4,4,3,4,4,5,3,2,4,4,4,2,2,2,4,2,4,4,2,2,3,4,2,2,2,4,3,2,3,5,3,3,1,1,4,0,2,2,2,3.57142857142857,3.16666666666667,3.66666666666667,4.0,3.5,3.66666666666667
48,4,5,4,4,4,5.0,4,5.0,3.0,3,4.0,5,5.0,4.0,4,3.0,4,4.0,3,4,4,3.0,4,4.0,5.0,4,2,4.0,4,4,5.0,5,4,4,4,5,5,5,4,5,4,0,0,1,1,0,0,3,2,1,3,3,2,3,Công việc,3,2,2,2,2,3,2,2,3,2,3,2,2,2,3,2,2,2,3,2,2,3,3,2,2,2,2,2,2,4,2,2,2,2,2,2,4,4,4,4,3,2,1,2,0,1,1,2,4.57142857142857,3.83333333333333,4.0,4.0,3.0,4.0
49,2,5,2,5,5,5.0,5,5.0,5.0,5,5.0,5,5.0,5.0,5,5.0,5,5.0,5,4,4,4.0,4,4.0,4.0,4,4,4.0,4,4,4.0,4,4,4,4,4,4,4,4,4,4,0,0,1,1,0,0,4,4,1,1,4,2,1,4,2,2,2,1,3,4,2,3,3,2,5,3,4,5,1,5,3,2,5,4,3,5,3,4,4,2,3,3,3,2,1,5,5,2,3,5,4,4,4,3,3,2,1,2,0,1,1,2,4.0,4.5,5.0,5.0,4.0,5.0
50,3,4,2,4,5,2.0,2,3.0,3.0,1,1.0,4,3.0,3.0,2,1.0,1,3.0,3,1,1,2.0,3,2.0,3.0,2,3,2.0,3,2,4.0,4,3,4,2,4,2,3,2,3,4,0,0,1,0,0,0,2,2,2,1,1,1,1,Cá nhân,1,2,1,3,3,3,3,3,3,3,3,3,3,3,3,3,3,3,3,4,4,4,4,3,4,4,3,4,4,4,4,4,4,4,4,4,3,3,3,3,1,2,1,2,0,1,2,0,3.28571428571429,1.83333333333333,2.0,2.5,2.5,3.66666666666667
51,3,5,4,3,3,3.0,3,3.0,3.0,3,3.0,3,3.0,3.0,3,3.0,3,3.0,3,3,3,3.0,3,3.0,3.0,3,3,3.0,3,3,3.0,3,3,3,3,3,3,3,3,3,3,0,0,1,0,1,0,3,1,3,3,1,2,1,4,2,2,2,2,2,2,2,2,2,2,2,2,2,2,2,2,2,2,2,2,2,2,2,2,2,2,2,2,2,2,2,2,2,2,2,2,2,2,2,2,2,2,1,1,0,3,3,2,3.0,3.0,3.0,3.0,3.0,3.0
52,2,4,1,3,4,3.0,2,5.0,4.0,1,3.0,2,4.0,3.0,4,2.0,5,5.0,3,1,4,1.0,3,3.0,2.0,3,1,2.0,3,3,4.0,4,4,3,3,4,5,5,5,4,3,0,0,0,1,0,0,3,3,2,2,3,3,1,4,2,3,3,3,4,4,3,3,3,2,4,4,4,4,4,4,4,2,3,3,3,4,3,2,3,2,3,3,4,3,2,3,3,2,4,4,3,3,3,3,4,1,1,2,0,3,2,0,3.85714285714286,3.5,2.0,3.5,2.0,3.0
53,5,5,4,4,5,5.0,3,5.0,5.0,3,3.0,2,4.0,4.0,4,3.0,5,4.0,4,3,4,3.0,4,4.0,4.0,4,3,4.0,4,5,5.0,5,5,2,4,5,4,4,5,5,5,0,0,1,1,1,0,2,2,2,2,5,2,1,4,2,4,3,3,2,4,2,2,2,4,4,3,5,5,5,5,4,4,4,4,4,4,3,4,3,4,3,3,2,4,1,5,3,3,3,5,1,2,2,2,5,2,2,3,0,1,1,2,4.71428571428571,4.0,2.66666666666667,4.0,3.5,4.0
54,2,2,1,5,1,2.0,4,5.0,3.0,3,5.0,4,4.0,3.0,3,2.0,3,4.0,5,3,5,1.0,3,4.0,2.0,4,2,1.0,5,5,5.0,5,4,3,3,3,5,5,5,3,3,0,0,0,0,0,0,3,2,3,3,2,2,1,4,4,3,3,2,3,2,3,3,2,2,3,3,3,2,3,2,3,3,2,3,2,3,3,3,2,3,2,3,3,2,3,3,4,3,3,2,3,2,3,4,3,2,1,1,0,1,2,2,4.57142857142857,3.83333333333333,4.0,3.0,3.0,3.33333333333333
55,1,3,1,3,4,4.0,2,4.0,4.0,3,2.0,3,1.0,1.0,4,2.0,3,3.0,2,4,1,2.0,3,2.0,4.0,2,2,3.0,2,3,4.0,4,3,2,4,1,1,1,3,4,4,0,0,1,1,0,0,1,1,1,1,1,1,1,4,1,1,4,1,4,1,4,3,2,1,4,1,1,1,1,4,1,1,4,1,1,4,1,1,1,4,4,1,1,4,1,1,1,1,1,4,1,4,2,2,1,2,1,2,1,1,1,0,2.57142857142857,2.83333333333333,2.66666666666667,2.5,2.0,3.0
56,1,4,1,3,1,2.0,1,2.0,2.0,2,2.0,2,1.0,4.0,3,2.0,3,3.0,2,3,3,2.0,2,2.0,2.0,1,1,1.0,3,2,5.0,3,3,4,4,1,3,2,2,1,2,0,0,1,0,1,0,1,1,1,1,3,3,1,4,2,2,3,3,3,3,3,2,3,4,3,4,3,2,4,4,2,4,4,4,2,4,3,4,3,3,2,2,3,3,2,2,3,3,4,3,3,2,3,3,2,1,1,1,0,2,3,2,2.71428571428571,3.0,2.0,3.5,1.0,1.66666666666667
57,5,5,4,5,3,3.0,4,2.0,2.0,2,2.0,3,3.0,3.0,3,2.0,3,2.0,2,2,2,3.0,4,4.0,4.0,3,2,4.0,4,4,4.0,4,4,3,3,3,3,3,3,3,2,0,1,0,1,0,1,5,4,2,3,3,3,1,bản thân,3,2,2,2,2,3,2,3,3,3,3,2,3,5,3,3,3,3,3,3,3,2,3,3,3,3,3,3,3,3,3,3,3,3,3,3,3,3,3,3,3,2,1,4,0,2,3,2,3.71428571428571,2.33333333333333,2.33333333333333,3.0,2.5,4.0
58,4,4,4,3,4,4.0,3,5.0,3.0,2,3.0,3,4.0,4.0,3,3.0,4,5.0,5,4,5,3.0,3,3.0,5.0,3,2,3.0,4,4,4.0,4,4,3,3,4,5,5,4,5,5,0,0,0,0,0,0,3,3,3,2,4,4,1,4,3,3,4,3,3,4,3,3,3,3,4,3,4,4,3,4,3,3,3,3,3,4,3,4,4,3,3,3,3,4,3,3,4,4,4,4,4,4,4,4,2,2,1,1,0,3,3,2,4.14285714285714,4.33333333333333,2.66666666666667,3.5,2.5,3.33333333333333
59,3,3,3,4,4,4.0,4,4.0,3.0,3,4.0,4,4.0,3.0,4,4.0,4,3.0,4,4,4,4.0,4,3.0,4.0,4,4,3.0,4,4,4.0,4,4,3,3,4,4,4,4,4,4,0,0,1,1,1,0,5,5,2,2,3,2,1,4,2,2,3,2,3,5,2,3,1,2,4,3,3,5,2,5,2,2,5,2,3,5,3,2,2,3,2,2,2,3,1,5,5,4,4,5,2,2,4,3,5,2,1,1,0,1,2,0,4.0,3.66666666666667,3.66666666666667,3.5,4.0,4.0
60,1,3,1,3,3,3.0,3,4.0,4.0,3,4.0,3,4.0,4.0,4,3.0,3,3.0,3,3,3,3.0,5,5.0,5.0,5,4,3.0,4,4,4.0,4,5,4,3,4,5,4,4,5,4,0,1,1,0,0,0,1,1,1,1,3,3,1,4,2,2,2,2,2,2,2,2,2,2,2,2,1,1,1,2,2,2,2,2,2,2,2,2,2,2,2,2,2,2,1,2,3,3,2,2,2,2,3,3,3,2,1,1,0,2,2,2,4.14285714285714,3.0,3.33333333333333,4.0,4.5,3.0
61,3,5,4,4,3,4.0,3,4.0,5.0,3,3.0,4,4.0,3.0,3,3.0,4,4.0,4,3,4,4.0,3,4.0,4.0,4,3,4.0,4,3,3.0,3,4,3,3,4,4,4,4,3,4,0,1,0,0,0,0,5,5,3,2,3,1,1,4,3,2,2,1,1,2,2,2,3,5,4,3,3,5,5,5,3,3,4,2,3,3,3,2,3,2,4,4,3,3,2,2,2,3,4,3,3,2,4,3,3,2,2,1,0,2,2,2,3.57142857142857,3.66666666666667,3.33333333333333,3.0,3.5,3.33333333333333
62,3,4,2,2,2,4.0,2,4.0,3.14418604651163,4,5.0,4,3.0,4.0,4,3.0,4,4.0,3,2,4,2.0,4,5.0,5.0,3,1,4.0,5,4,5.0,5,5,5,2,5,5,5,5,4,4,0,1,1,1,0,0,3,3,2,2,3,2,1,4,3,3,3,2,3,2,2,3,2,2,4,3,2,5,5,5,4,3,1,3,3,5,4,4,4,4,3,4,2,3,1,4,5,4,4,5,3,4,4,3,1,1,2,2,1,1,2,2,4.85714285714286,3.16666666666667,4.33333333333333,4.0,2.0,2.0
63,3,4,3,2,2,2.0,2,4.0,5.0,3,3.0,2,4.0,4.0,4,3.0,3,3.0,2,2,3,1.0,1,3.0,3.0,1,1,3.0,4,4,3.0,4,4,4,3,3,4,4,4,4,4,0,0,1,1,1,0,3,3,2,2,2,2,1,4,2,2,3,2,3,3,2,2,2,2,4,3,2,4,3,5,3,2,3,2,2,5,3,4,4,4,4,4,2,2,2,5,5,3,3,3,1,1,1,1,2,2,1,3,0,1,1,2,3.71428571428571,2.66666666666667,2.66666666666667,4.0,1.0,2.0
64,3,2,2,3,3,2.0,1,4.0,3.0,3,5.0,4,4.0,3.0,3,3.0,4,4.0,4,3,5,4.0,5,3.0,4.0,3,2,3.0,4,3,5.0,4,4,3,2,4,5,5,4,4,4,0,1,0,0,0,0,1,1,1,1,3,2,1,4,2,2,2,2,2,3,2,2,2,2,2,2,2,2,2,3,2,2,2,2,2,2,2,2,3,2,2,2,2,2,3,3,2,2,2,2,2,3,3,2,2,2,1,3,0,3,3,1,4.14285714285714,3.66666666666667,4.0,3.0,2.5,2.33333333333333
65,3,3,2,1,1,2.0,1,4.0,3.0,3,3.0,4,4.0,5.0,4,3.0,3,2.0,1,1,4,1.0,2,2.0,4.0,1,1,2.0,3,4,4.0,4,4,3,3,4,4,5,4,3,3,0,0,0,1,1,0,1,1,1,1,1,1,1,4,1,1,1,1,1,1,1,1,1,1,1,1,1,1,1,1,1,1,1,1,1,1,1,1,1,1,1,1,1,1,1,1,1,1,1,1,1,1,1,1,1,1,1,3,0,2,3,1,4.0,2.33333333333333,3.33333333333333,4.5,1.0,1.0
66,1,2,1,4,3,4.0,4,4.0,2.0,3,3.0,3,3.0,3.0,2,3.0,5,4.0,4,3,4,1.0,2,2.0,1.0,1,2,3.0,4,3,5.0,3,2,2,3,3,4,4,4,1,2,0,1,1,0,1,0,3,2,2,2,3,3,1,4,3,2,3,2,2,4,2,2,1,2,4,3,3,5,3,4,4,3,3,2,2,5,4,4,2,3,2,3,4,1,2,3,5,2,5,5,5,5,5,5,5,2,1,1,0,2,3,0,3.42857142857143,3.83333333333333,3.0,2.5,1.5,3.66666666666667
67,1,1,2,3,2,3.0,4,5.0,3.0,2,2.0,2,2.0,2.0,2,3.0,5,2.0,3,4,3,5.0,4,3.0,2.0,2,3,4.0,3,2,2.0,2,2,2,2,3,3,5,4,1,1,0,0,1,0,0,0,3,3,3,3,3,3,1,4,2,2,2,2,3,2,3,4,4,4,5,2,5,5,5,5,1,2,3,3,2,5,1,3,1,2,4,5,5,5,1,3,4,1,5,5,3,3,2,2,3,1,2,4,0,2,3,0,2.71428571428571,3.16666666666667,2.0,2.0,2.5,3.0
68,3,3,3,3,3,4.0,3,4.0,4.0,3,3.0,4,4.0,4.0,4,4.0,4,2.0,2,3,3,3.0,3,4.0,4.0,3,3,4.0,4,4,4.0,4,4,4,3,3,3,4,4,3,4,0,0,0,0,1,0,3,4,3,3,4,4,1,4,4,4,3,4,4,3,4,3,3,4,4,5,5,3,3,4,5,5,3,4,5,4,3,4,4,3,4,4,4,3,5,4,4,4,5,5,4,4,3,4,4,2,1,1,0,2,3,2,3.85714285714286,2.83333333333333,3.33333333333333,4.0,3.0,3.0
69,4,5,4,4,4,4.0,4,5.0,3.0,4,4.0,4,3.0,4.0,4,4.0,5,5.0,4,3,4,1.0,3,5.0,2.0,1,1,3.0,5,3,5.0,5,4,4,2,5,5,5,5,4,3,0,0,0,1,1,0,2,4,1,2,5,4,1,4,2,2,2,3,2,1,2,2,2,3,2,2,1,5,2,5,4,1,4,2,2,4,2,2,2,2,1,3,2,2,1,2,5,4,4,4,1,2,4,5,3,1,2,3,1,2,3,0,4.57142857142857,3.83333333333333,4.0,4.0,1.0,4.0
70,5,5,5,1,2,5.0,5,5.0,5.0,5,5.0,5,5.0,5.0,5,5.0,5,5.0,5,5,5,5.0,5,5.0,5.0,5,5,5.0,5,5,5.0,5,5,5,5,5,5,5,5,5,5,0,1,1,0,1,0,4,4,3,2,3,4,1,4,2,2,2,2,2,2,2,2,2,3,3,2,4,5,4,5,2,2,2,2,2,3,3,4,2,2,2,2,3,4,2,3,4,2,4,3,4,3,4,2,3,1,2,4,1,1,1,2,5.0,5.0,5.0,5.0,5.0,2.66666666666667
71,5,5,5,1,1,1.0,1,1.0,1.0,4,4.0,4,1.0,4.0,1,1.0,1,1.0,4,1,1,4.0,1,1.0,1.0,1,1,4.0,1,1,4.0,1,1,1,1,1,1,1,1,1,1,0,0,0,0,1,0,3,3,2,2,4,4,1,4,2,2,2,2,2,3,2,2,2,3,3,4,4,4,3,3,3,2,3,3,3,3,3,3,3,3,3,2,3,3,2,2,3,3,3,3,3,4,4,4,3,1,1,4,2,1,1,0,1.42857142857143,1.5,4.0,2.5,1.0,1.0
72,2,2,2,3,3,4.0,3,3.0,4.0,4,4.0,4,4.0,3.0,4,3.0,4,3.0,2,2,3,2.0,3,2.0,4.0,3,1,2.0,3,4,3.0,4,3,2,2,3,4,4,4,3,3,0,1,1,0,1,0,2,2,2,2,2,2,1,4,2,1,1,1,1,1,1,1,1,2,2,1,1,1,1,2,1,1,2,1,1,2,1,1,2,2,2,1,1,2,1,1,2,1,2,2,2,2,2,2,4,2,1,1,0,1,1,2,3.42857142857143,2.66666666666667,4.0,3.5,2.0,3.0
73,3,4,3,4,5,4.0,4,3.0,3.0,3,4.0,4,4.0,4.0,3,3.0,3,4.0,4,2,3,2.0,2,3.0,4.0,3,2,2.0,4,4,3.68691588785047,3,3,3,2,3,4,4,4,3,3,0,0,1,1,0,0,1,1,1,1,3,2,1,4,1,1,3,1,1,3,1,1,3,3,3,1,1,3,1,3,3,3,2,2,2,1,1,1,1,1,1,1,3,1,1,2,1,1,2,1,2,3,3,3,5,2,1,1,3,2,3,2,3.52670226969292,3.0,3.66666666666667,3.5,2.5,4.33333333333333
74,1,2,1,3,4,4.0,4,4.0,3.0,2,3.0,3,3.0,4.0,4,3.0,3,4.0,4,2,4,2.0,3,3.0,4.0,3,2,3.0,4,4,4.0,4,4,3,3,3,4,4,4,4,4,0,0,0,0,0,0,2,3,1,1,3,2,1,4,3,3,4,4,4,4,4,3,3,4,5,3,4,5,4,5,5,3,4,4,4,4,3,3,4,4,4,4,3,4,2,3,5,5,5,5,3,3,3,3,5,1,1,4,0,2,3,2,3.85714285714286,3.33333333333333,2.66666666666667,4.0,2.5,3.66666666666667
75,1,4,2,2,4,4.0,2,4.0,2.0,2,4.0,4,4.0,2.0,2,2.0,5,5.0,4,1,3,1.0,2,1.0,5.0,2,2,2.0,2,3,4.0,4,4,3,4,4,4,4,4,4,4,0,1,1,0,0,0,3,3,3,3,3,3,1,4,3,3,3,3,4,2,3,3,3,1,3,3,3,1,3,1,3,3,3,3,3,1,3,3,3,3,3,3,2,2,5,2,2,3,1,1,2,2,2,2,4,2,1,2,0,2,3,2,3.57142857142857,3.66666666666667,3.33333333333333,2.0,2.0,2.66666666666667
76,4,5,3,4,4,4.0,4,4.0,4.0,3,4.0,3,4.0,3.0,3,4.0,2,2.0,2,1,1,3.0,3,2.0,3.0,2,3,2.0,3,2,3.0,3,2,3,3,2,3,3,2,3,2,0,1,1,0,0,0,2,2,1,1,3,3,1,4,2,2,1,3,3,4,1,1,1,2,2,2,1,1,1,4,1,1,1,1,2,4,2,2,2,1,2,3,4,1,1,1,1,1,3,3,2,2,2,3,5,2,2,3,0,2,2,2,2.57142857142857,1.83333333333333,3.33333333333333,3.0,2.5,4.0
77,4,5,4,2,4,4.0,3,4.0,2.0,4,4.0,5,4.0,3.0,4,4.0,4,5.0,5,5,4,2.0,4,4.0,4.0,4,5,4.0,4,5,4.0,4,4,4,5,5,4,4,4,4,4,0,1,1,1,1,1,3,3,3,3,3,3,1,4,3,3,3,3,3,3,3,3,3,3,3,3,3,3,3,3,3,3,3,3,3,3,3,3,3,3,3,3,3,3,3,3,3,3,3,3,3,3,3,3,3,2,1,3,0,3,3,0,4.28571428571429,4.66666666666667,4.33333333333333,3.5,4.5,3.0
78,5,5,4,3,4,2.0,3,3.0,4.0,2,2.0,3,4.0,3.0,3,2.0,3,4.0,4,2,4,4.0,4,3.0,4.0,3,3,3.0,3,4,4.0,4,3,2,3,3,3,4,4,4,4,0,0,1,0,1,1,2,2,1,2,3,4,2,Sách,3,4,3,4,3,3,4,4,4,2,1,1,3,3,2,3,3,2,3,2,3,2,3,2,3,4,2,3,1,3,2,2,3,3,3,3,5,5,4,3,5,2,1,2,1,2,2,2,3.57142857142857,3.33333333333333,2.33333333333333,3.0,3.0,3.33333333333333
79,2,5,5,3,5,4.0,2,4.0,4.0,2,4.0,4,4.0,5.0,2,2.0,5,5.0,5,1,5,2.0,4,3.0,5.0,5,2,2.0,5,4,5.0,4,5,1,2,4,5,5,4,2,5,0,1,1,1,1,0,4,4,4,4,4,4,1,4,4,4,4,3,4,3,4,3,4,3,3,4,3,4,3,4,4,3,3,4,3,4,3,4,4,3,4,3,4,3,4,3,4,3,3,4,4,4,3,4,4,2,1,2,0,2,3,0,4.57142857142857,3.83333333333333,3.33333333333333,3.5,3.5,3.33333333333333
80,3,5,3,3,3,3.0,2,3.0,2.0,2,3.0,2,3.0,2.0,4,3.0,2,3.0,3,2,2,5.0,2,4.0,2.0,3,3,3.0,3,2,3.0,2,3,2,3,2,3,2,4,2,3,0,0,1,1,1,1,5,4,1,2,1,3,1,4,3,4,3,4,4,4,3,2,2,2,3,2,2,5,2,5,5,3,5,3,2,5,5,4,3,2,3,3,4,3,2,3,3,2,3,4,3,3,1,4,2,2,1,3,1,1,2,2,2.42857142857143,2.5,2.33333333333333,3.0,3.0,2.66666666666667
81,2,4,5,5,4,5.0,3,4.0,5.0,1,1.0,2,4.0,5.0,5,1.0,1,3.0,1,2,5,1.0,1,3.0,5.0,1,3,2.0,2,4,4.0,1,3,1,1,5,5,5,4,1,5,0,1,0,1,1,0,1,1,1,1,3,3,1,4,2,2,3,3,4,3,3,3,1,2,3,3,1,1,1,3,2,3,2,1,3,1,2,2,2,2,2,1,3,3,2,2,4,3,3,3,3,4,2,2,4,2,1,2,1,2,3,2,3.42857142857143,2.16666666666667,1.33333333333333,5.0,2.0,4.0
82,5,5,5,5,5,5.0,5,5.0,2.0,4,5.0,3,5.0,5.0,5,3.0,4,5.0,5,2,5,1.0,4,5.0,5.0,2,1,2.0,4,4,5.0,5,5,3,3,5,5,5,5,5,5,0,0,1,1,0,0,2,1,1,2,2,1,1,4,2,3,1,1,2,4,1,2,2,2,1,2,1,3,2,4,4,2,2,1,1,2,1,4,1,2,2,4,1,2,1,4,4,4,2,2,1,1,2,2,5,2,1,2,1,2,3,1,4.71428571428571,4.0,4.0,5.0,1.5,5.0
83,5,3,4,3,4,5.0,1,1.0,4.0,1,1.0,4,4.0,3.0,4,3.0,2,3.0,1,1,3,3.0,4,5.0,3.0,3,2,4.0,3,4,3.68691588785047,3,4,2,3,5,5,4,4,4,3,0,1,1,0,1,0,1,2,1,1,2,1,1,4,2,1,1,1,1,1,2,2,2,2,1,1,1,1,3,3,1,1,1,1,1,1,1,1,1,1,1,1,3,3,1,1,1,1,1,1,5,3,1,1,1,2,1,3,0,1,3,2,3.81241655540721,2.16666666666667,2.0,3.5,2.5,2.66666666666667
84,2,2,1,2,2,3.0,3,2.0,3.0,2,4.0,3,2.0,2.0,1,1.0,3,3.0,1,1,1,1.0,3,2.0,1.0,1,3,2.0,2,3,4.0,3,3,3,3,3,3,4,3,3,2,0,0,1,1,0,0,3,2,2,3,2,3,1,4,2,3,2,2,3,2,3,1,2,2,2,1,2,2,1,1,2,1,2,2,2,3,2,2,2,3,3,2,2,2,3,3,2,2,3,3,3,3,3,3,3,2,1,3,0,1,1,1,3.14285714285714,2.0,3.0,1.5,2.0,2.33333333333333
85,4,4,3,4,3,3.0,3,4.0,4.0,4,4.0,4,4.0,4.0,4,4.0,4,4.0,4,4,4,2.0,3,3.0,4.0,4,3,3.0,3,4,4.0,4,4,2,4,4,4,4,4,3,4,0,0,1,0,0,0,2,2,1,2,2,1,2,Phim,4,3,3,2,3,2,2,3,2,3,2,2,3,3,2,2,3,3,2,2,3,2,2,2,2,2,3,2,2,2,2,2,3,2,2,3,4,4,4,4,4,2,1,2,0,2,2,2,3.85714285714286,4.0,4.0,4.0,3.5,3.33333333333333
86,4,4,3,3,4,3.0,3,4.0,3.0,3,3.0,4,3.0,4.0,3,4.0,3,3.0,3,4,3,4.0,4,4.0,4.0,4,3,3.0,4,4,3.0,3,3,4,4,4,2,4,2,4,5,0,1,0,0,0,0,5,5,2,2,5,5,1,4,1,1,1,1,3,5,1,1,1,3,5,5,5,5,1,5,3,1,5,1,1,3,1,1,3,1,1,1,1,2,1,2,3,1,5,4,4,4,4,4,3,1,1,3,1,1,3,1,3.57142857142857,3.33333333333333,3.33333333333333,3.5,3.5,3.33333333333333
87,2,4,2,4,2,2.0,2,4.0,3.0,3,4.0,4,4.0,4.0,4,3.0,2,4.0,2,2,2,1.0,3,4.0,4.0,5,2,4.0,4,5,4.0,4,4,3,2,4,4,4,4,3,2,0,1,0,0,0,1,3,2,1,1,2,4,1,4,2,4,5,4,3,3,3,4,1,4,5,2,1,3,1,5,4,3,5,4,4,5,4,5,4,1,5,5,3,3,1,5,3,2,5,5,1,5,5,4,1,2,1,2,2,1,3,2,4.14285714285714,2.33333333333333,3.66666666666667,4.0,3.5,2.66666666666667
88,4,3,4,2,2,2.0,2,4.0,3.0,4,4.0,4,4.0,2.0,3,4.0,2,1.0,1,1,1,1.0,4,1.0,4.0,2,1,2.0,4,4,4.0,4,4,4,2,3,4,4,4,4,4,0,1,1,1,0,0,3,1,1,1,4,4,1,4,3,4,5,3,5,2,2,4,2,5,5,3,1,1,2,5,5,5,5,4,4,2,3,4,2,4,5,4,4,4,1,2,3,1,1,4,5,5,5,3,5,2,1,2,1,1,1,2,3.85714285714286,1.33333333333333,4.0,2.5,1.5,2.0
89,2,3,2,2,3,2.0,1,4.0,5.0,3,4.0,4,3.0,2.0,2,2.74537037037037,4,4.0,4,3,5,1.0,1,2.0,5.0,5,4,3.0,5,4,5.0,5,4,2,2,3,4,4,4,3,3,0,1,1,0,0,0,2,3,2,3,4,4,1,4,3,3,3,2,2,3,2,2,2,2,2,2,4,4,2,4,3,3,4,2,2,2,2,2,2,2,2,2,2,2,2,3,2,2,2,2,3,3,3,3,3,2,1,1,0,3,3,2,4.28571428571429,3.66666666666667,3.66666666666667,2.0,4.5,2.0
90,1,4,2,2,4,3.0,2,4.0,3.0,3,2.0,4,4.0,4.0,4,3.0,5,4.0,4,3,5,2.0,3,2.0,4.0,4,4,4.0,4,4,4.0,5,4,2,3,4,4,5,4,3,4,0,1,0,1,0,0,3,2,1,1,3,2,1,4,3,2,3,3,2,5,3,2,2,4,5,4,4,1,2,4,4,3,4,2,1,5,3,4,3,2,2,2,4,4,2,3,4,1,4,4,2,3,3,4,5,2,1,2,0,2,3,2,4.28571428571429,4.0,3.0,4.0,4.0,2.66666666666667
91,3,5,4,2,5,5.0,3,4.0,4.0,4,4.0,4,4.0,5.0,4,3.0,5,5.0,5,5,5,3.0,3,4.0,4.0,3,3,3.0,4,4,4.0,5,4,3,4,4,4,3,4,4,5,0,0,1,1,0,0,4,3,3,3,5,5,1,4,1,1,1,1,1,4,2,2,2,4,4,4,3,2,2,2,3,1,2,2,2,3,2,3,3,2,1,3,3,3,1,2,3,2,3,3,3,3,3,3,4,2,1,2,0,2,2,0,4.0,4.83333333333333,4.0,4.5,3.0,3.33333333333333
92,3,3,1,4,4,4.0,4,4.0,4.0,4,4.0,4,4.0,4.0,4,4.0,4,4.0,4,4,4,4.0,4,4.0,4.0,4,4,4.0,4,4,4.0,4,4,4,4,4,4,4,4,4,4,0,0,1,0,1,0,2,2,2,2,2,3,1,4,3,3,3,3,3,3,3,3,3,3,3,3,3,3,3,3,3,3,3,3,3,3,3,3,3,3,3,3,3,3,3,3,3,3,3,3,3,3,3,3,3,2,1,2,0,2,3,2,4.0,4.0,4.0,4.0,4.0,4.0
93,1,2,3,4,1,3.0,2,3.0,5.0,3,2.0,3,2.0,4.0,3,1.0,4,5.0,5,5,5,1.0,3,4.0,3.0,3,2,1.0,4,4,5.0,4,4,2,3,3,3,3,3,2,3,0,0,0,1,0,0,3,2,3,2,3,2,1,4,2,2,2,2,3,3,1,2,2,2,3,2,2,2,2,5,3,2,3,2,2,4,3,2,2,2,4,3,3,3,1,3,4,3,3,5,3,3,3,3,5,2,1,1,0,1,1,2,3.85714285714286,4.5,2.66666666666667,3.5,2.5,2.33333333333333
94,4,3,3,3,3,3.0,2,3.0,4.0,4,4.0,3,3.0,4.0,4,3.0,3,3.0,3,2,3,2.0,2,4.0,2.0,2,1,3.0,4,4,5.0,4,3,3,2,4,4,4,4,4,4,1,0,1,0,0,1,3,2,3,2,3,3,1,4,3,4,4,3,3,4,3,4,3,3,4,3,3,4,4,4,3,3,4,2,4,4,4,3,2,3,4,3,3,3,4,4,4,3,2,2,3,4,4,3,3,2,1,2,1,1,2,1,4.0,2.66666666666667,3.66666666666667,4.0,1.5,2.66666666666667
95,1,2,3,3,3,2.0,2,2.0,2.0,3,3.0,4,4.0,3.0,4,2.0,5,3.0,4,3,3,1.0,4,3.0,3.0,3,3,2.87037037037037,3,3,3.0,3,3,2,2,2,4,4,4,3,3,0,0,1,0,0,0,5,5,5,5,5,5,1,4,4,4,4,4,4,4,4,4,3,3,3,3,4,4,4,4,4,4,4,4,4,4,4,4,4,4,4,4,4,4,3,3,3,3,3,3,4,4,4,4,4,1,1,2,0,1,1,2,3.0,3.33333333333333,3.33333333333333,3.5,3.0,2.66666666666667
96,3,4,4,3,2,3.0,1,2.0,2.0,3,2.0,4,4.0,3.0,3,4.0,2,2.0,2,1,3,2.0,3,4.0,5.0,5,5,2.0,5,4,4.0,4,3,3,2,4,5,5,5,5,5,0,0,1,1,1,0,3,3,3,3,3,3,1,4,2,3,3,4,2,2,2,3,4,4,4,4,5,4,4,2,3,2,4,1,2,2,4,2,4,4,3,3,3,3,3,3,2,4,4,4,3,3,3,3,2,1,1,4,2,2,3,0,4.14285714285714,2.0,3.0,3.0,5.0,2.0
97,2,4,3,4,3,3.0,3,3.0,4.0,3,3.0,3,3.0,4.0,3,3.0,4,3.0,3,4,3,2.0,3,1.0,5.0,1,1,1.0,4,4,4.0,2,3,3,3,4,4,4,4,4,4,0,1,1,0,0,0,1,1,1,1,1,1,1,4,1,1,3,3,3,3,2,2,1,2,2,2,1,4,1,3,3,3,4,3,3,3,2,3,4,4,4,4,4,2,1,2,4,2,4,4,3,3,3,2,1,1,2,1,0,3,3,2,3.57142857142857,3.33333333333333,3.0,3.5,1.0,3.33333333333333
98,1,4,1,4,4,4.0,4,4.0,3.0,4,4.0,4,4.0,4.0,4,4.0,4,3.28240740740741,4,4,4,4.0,4,4.0,4.0,4,4,4.0,4,4,4.0,4,4,4,4,4,4,4,4,4,4,0,1,0,1,0,0,1,1,1,2,2,3,1,4,2,2,3,2,2,4,1,2,2,2,2,1,3,4,2,5,2,2,4,1,2,3,2,2,2,2,2,2,3,3,1,2,3,2,4,3,3,3,3,3,2,2,1,4,0,2,3,0,4.0,3.8804012345679,4.0,4.0,4.0,4.0
99,3,5,4,4,4,4.0,2,4.0,4.0,3,4.0,4,5.0,3.0,4,3.0,5,4.0,4,4,4,2.0,4,4.0,5.0,4,2,4.0,4,4,5.0,5,5,2,4,4,5,5,5,3,4,0,0,1,0,1,1,4,3,3,4,5,2,1,4,5,3,5,4,2,4,5,3,3,1,3,2,5,3,2,2,5,3,4,4,3,3,2,2,3,5,4,1,5,4,1,5,3,4,2,4,2,4,5,5,2,2,1,1,0,2,3,0,4.57142857142857,4.16666666666667,3.66666666666667,3.5,3.0,3.33333333333333
100,1,3,1,4,5,4.0,4,4.0,3.0,3,5.0,4,4.0,4.0,5,5.0,5,5.0,5,3,4,4.0,4,4.0,4.0,3,4,4.0,4,3,3.0,3,4,3,4,3,4,5,4,4,2,0,1,1,0,0,0,3,2,4,4,2,2,1,4,4,2,3,2,2,2,2,2,2,3,3,3,3,4,4,4,4,3,4,2,2,4,3,2,2,3,2,3,4,3,2,2,2,3,4,4,1,2,2,3,3,2,1,2,1,1,3,2,3.57142857142857,4.33333333333333,4.0,4.5,3.5,4.33333333333333
101,2,5,4,1,4,5.0,3,4.0,4.0,2,2.0,2,3.0,3.0,3,2.0,3,4.0,2,2,2,3.0,3,4.0,4.0,4,3,4.0,4,4,4.0,3,4,4,4,5,4,4,4,4,4,0,1,1,0,0,0,1,3,1,1,3,1,1,4,2,2,2,2,1,5,1,1,1,3,2,2,3,2,2,3,1,1,5,3,3,2,1,1,1,3,1,1,1,1,1,1,1,1,1,1,4,4,3,2,2,2,1,4,0,2,2,0,4.0,2.83333333333333,2.0,3.0,3.5,2.66666666666667
102,5,5,5,3,4,5.0,3,4.0,3.0,3,4.0,4,4.0,4.0,4,3.0,5,5.0,5,5,4,5.0,5,5.0,5.0,4,3,4.0,4,4,5.0,5,5,5,3,5,5,5,5,4,5,0,0,1,0,1,0,4,3,1,1,5,1,4,Tự thân mình,1,3,3,1,2,1,1,4,3,2,2,3,2,5,1,1,1,1,3,2,2,1,2,1,1,3,1,1,3,1,3,2,4,1,2,4,3,1,2,2,3,1,1,3,2,3,3,0,4.71428571428571,4.5,3.66666666666667,4.0,3.5,3.33333333333333
103,5,5,4,5,5,5.0,5,5.0,5.0,5,5.0,5,5.0,5.0,5,5.0,5,5.0,5,5,5,5.0,5,5.0,5.0,5,5,5.0,5,5,5.0,5,5,5,5,5,5,5,5,5,5,0,1,0,1,0,0,3,1,4,4,2,2,1,4,3,2,3,2,3,4,2,1,1,2,4,2,1,4,1,4,2,2,1,2,3,4,2,3,2,1,3,2,2,1,1,3,3,3,3,3,3,3,3,2,4,2,1,2,0,2,2,0,5.0,5.0,5.0,5.0,5.0,5.0
104,3,2,2,3,3,4.0,3,4.0,3.0,3,3.0,3,3.0,4.0,3,3.0,4,4.0,3,3,4,3.0,3,4.0,3.0,3,2,3.0,4,3,3.0,4,4,3,3,3,4,4,4,3,3,0,0,0,0,1,0,1,1,1,1,1,1,1,4,2,2,2,2,2,2,2,2,2,2,2,2,2,2,2,2,2,2,2,2,2,2,2,2,2,2,2,2,2,2,2,2,2,2,2,2,2,2,2,2,2,2,1,2,0,3,3,0,3.57142857142857,3.5,3.0,3.5,2.5,3.0
105,2,1,1,1,1,1.0,1,1.0,1.0,4,4.0,1,2.0,3.0,4,4.0,1,1.0,1,1,1,1.0,3,3.0,3.0,2,2,3.0,1,1,1.0,3,3,3,2,3,2,3,2,1,1,0,1,1,0,1,0,3,3,1,1,3,4,1,4,2,2,2,2,2,2,2,2,2,2,4,2,4,4,2,4,2,2,2,2,2,4,2,4,2,2,4,4,2,3,2,3,4,2,4,5,1,1,4,1,4,2,1,3,0,2,3,0,2.14285714285714,1.16666666666667,3.0,3.5,2.0,1.0
106,1,3,1,4,3,5.0,3,4.0,5.0,4,5.0,4,4.0,5.0,3,4.0,4,3.0,3,1,1,1.0,3,2.0,1.0,1,1,3.0,5,3,4.0,4,4,4,2,5,5,3,5,1,2,0,1,1,1,1,0,3,3,3,3,3,3,1,4,2,2,3,2,4,5,2,2,2,5,5,5,3,5,3,5,4,2,2,4,3,5,3,3,2,3,3,2,3,2,1,4,3,2,3,4,3,3,3,2,5,2,1,1,0,3,3,0,4.0,2.33333333333333,4.33333333333333,4.0,1.0,3.33333333333333
107,2,3,1,2,1,2.0,2,3.0,2.0,2,2.0,4,4.0,4.0,4,3.0,3,2.0,2,2,2,1.0,3,4.0,4.0,2,1,4.0,4,3,3.0,4,4,1,2,3,4,2,3,2,2,0,0,1,1,0,0,3,2,1,1,4,4,1,4,3,2,3,4,2,4,2,3,2,4,2,3,2,1,2,2,3,2,2,4,2,4,3,3,2,3,2,1,2,1,1,5,5,4,3,2,2,3,4,3,4,2,1,3,0,2,3,2,3.28571428571429,2.16666666666667,2.66666666666667,4.0,1.5,1.66666666666667
108,3,5,4,2,3,5.0,2,2.0,2.0,3,4.0,3,2.0,3.0,2,1.0,1,4.0,2,1,3,1.0,2,5.0,5.0,3,4,5.0,5,4,5.0,4,4,4,4,5,5,5,3,4,3,0,0,0,0,1,0,1,1,1,1,1,1,1,4,1,1,1,1,1,1,1,1,1,1,1,1,1,1,1,1,1,1,1,1,1,1,1,1,1,1,1,1,1,1,1,1,1,1,1,1,2,2,2,2,2,2,1,2,1,1,1,2,4.57142857142857,2.5,3.33333333333333,2.5,3.5,2.33333333333333
109,4,5,4,2,3,4.0,2,4.0,2.0,2,3.0,2,4.0,3.0,4,2.0,2,2.0,2,2,3,2.0,3,4.0,5.0,4,4,3.0,4,3,2.0,4,2,5,1,4,4,4,4,4,3,1,0,1,0,0,0,2,1,2,3,3,3,2,bạn bè,2,3,2,3,3,3,2,3,3,2,5,2,2,3,4,5,4,3,3,3,4,4,4,3,3,4,4,3,4,4,2,4,3,2,4,4,4,4,4,3,4,2,1,2,0,1,1,0,3.28571428571429,2.0,2.33333333333333,3.5,4.0,2.33333333333333
110,1,2,1,3,4,4.0,4,4.0,3.0,1,4.0,2,2.0,3.0,2,2.0,5,4.0,3,4,2,1.0,5,2.0,3.0,5,4,4.0,2,2,2.0,2,3,2,3,3,5,5,5,1,4,0,0,0,0,1,0,4,3,2,1,3,3,1,4,2,1,3,2,2,2,2,2,2,3,3,3,2,2,2,3,3,4,3,4,4,3,3,2,3,3,3,2,3,3,2,3,2,2,3,3,5,4,4,4,3,2,1,2,0,2,3,0,2.71428571428571,3.5,2.33333333333333,2.5,4.5,3.66666666666667
111,2,4,4,1,4,4.0,1,3.0,2.0,1,3.0,3,3.0,2.0,4,2.0,4,4.0,2,1,4,2.0,2,3.0,4.0,4,4,3.0,2,3,4.0,3,3,3,3,3,4,4,4,3,2,0,0,1,0,0,0,2,2,1,1,3,3,1,4,1,3,4,1,2,4,2,2,2,2,5,3,3,4,2,5,4,2,5,3,3,4,4,5,4,4,3,1,5,2,2,4,3,3,4,4,5,5,5,5,5,2,1,2,0,2,3,0,3.14285714285714,3.0,2.33333333333333,3.0,4.0,2.0
112,3,2,1,3,3,3.0,3,3.0,3.0,3,3.0,3,3.0,3.0,3,3.0,3,3.0,3,3,3,3.0,3,3.0,3.0,3,3,3.0,3,3,3.0,3,3,3,3,3,3,3,3,3,3,0,0,1,1,0,0,2,2,2,2,2,2,1,4,3,2,2,2,1,1,1,1,1,1,2,1,2,3,1,2,3,2,2,2,2,2,1,1,1,1,1,1,1,1,1,1,1,1,3,3,1,2,2,3,1,1,2,1,1,2,2,2,3.0,3.0,3.0,3.0,3.0,3.0
113,1,2,1,3,3,3.0,3,3.0,3.0,3,3.0,3,3.0,3.0,3,3.0,3,4.0,2,3,4,2.0,3,3.0,3.0,3,3,3.0,3,3,3.0,3,3,3,3,3,3,3,3,3,3,0,1,1,1,0,1,3,2,1,1,3,3,1,4,3,3,4,3,3,2,3,3,2,2,4,2,5,5,4,5,3,5,4,3,3,5,3,3,3,3,4,4,4,5,1,4,4,3,5,5,5,5,4,5,5,1,2,1,0,2,3,0,3.0,3.16666666666667,3.0,3.0,3.0,3.0
114,3,3,3,4,3,4.0,4,5.0,2.0,2,4.0,3,3.0,4.0,4,2.0,2,4.0,3,2,3,3.0,2,1.0,4.0,3,1,4.0,4,5,5.0,4,4,2,5,4,5,4,4,2,5,0,0,0,0,1,0,2,2,1,1,2,2,1,4,2,2,2,2,2,1,2,2,2,2,2,2,2,1,2,2,2,2,2,2,1,3,2,2,2,2,1,2,2,1,2,1,2,2,1,2,1,1,1,2,1,2,1,3,0,2,2,0,4.28571428571429,3.16666666666667,3.0,4.0,2.0,3.66666666666667
115,1,1,1,3,3,2.0,2,2.0,3.0,2,1.0,1,2.0,1.0,2,1.0,1,1.0,1,1,1,1.0,1,1.0,1.0,2,2,1.0,1,2,2.0,4,2,2,1,1,3,3,4,2,2,0,1,1,1,1,0,2,3,1,1,2,3,1,"Gia đình, bạn bè",3,3,4,3,3,3,2,2,2,3,4,3,2,4,4,5,4,3,3,3,3,4,2,3,2,2,2,4,4,3,2,4,4,3,4,4,4,3,3,2,1,2,2,2,1,2,3,2,2.14285714285714,1.0,1.33333333333333,1.5,2.0,2.66666666666667
116,1,5,2,3,1,4.0,2,4.0,5.0,3,5.0,2,4.0,4.0,4,1.0,2,2.0,1,4,1,2.0,3,3.0,5.0,2,1,4.0,3,4,5.0,5,5,3,5,4,4,3,3,4,5,0,0,0,0,1,0,1,2,1,1,2,1,1,Chuyên gia tư vấn,3,2,3,2,2,4,2,2,3,4,5,2,1,5,5,5,4,4,4,3,4,5,5,5,3,4,4,4,4,4,2,4,4,5,5,5,4,4,4,4,3,2,1,1,1,2,3,0,4.14285714285714,2.5,3.33333333333333,4.0,1.5,2.0
117,1,2,1,4,1,4.0,5,5.0,3.0,1,4.0,1,4.0,2.0,5,1.0,4,4.0,3,2,2,4.0,3,1.0,1.0,1,1,4.0,5,1,5.0,5,4,1,5,4,1,1,5,1,1,0,0,1,0,1,1,5,5,3,3,5,5,1,4,2,3,3,3,4,4,3,4,3,4,4,4,3,3,3,4,4,3,3,3,3,5,4,4,4,3,3,2,3,4,2,3,3,3,3,3,5,5,5,5,3,2,1,3,1,1,1,0,3.57142857142857,3.33333333333333,2.0,3.5,1.0,3.33333333333333
118,1,1,1,3,3,1.0,1,1.0,1.0,1,2.0,1,3.0,3.0,3,2.0,1,1.0,1,1,1,1.0,1,1.0,1.0,1,1,1.0,1,5,5.0,1,1,1,1,1,1,1,1,1,1,0,1,1,0,1,0,2,2,2,2,4,4,1,4,3,3,2,2,2,4,2,2,2,4,4,2,2,2,4,4,2,2,3,3,3,3,2,3,3,3,2,2,3,3,2,3,2,2,2,2,5,5,2,2,3,2,2,3,0,2,3,2,2.14285714285714,1.0,1.33333333333333,3.0,1.0,2.33333333333333
119,1,2,1,2,4,3.0,3,4.0,4.0,2,3.0,4,3.0,2.0,3,2.0,3,3.0,4,4,4,3.0,3,3.0,4.0,4,3,5.0,4,3,4.0,3,4,3,3,3,4,4,3,3,3,0,0,1,1,0,0,3,3,2,3,2,3,1,4,4,2,2,3,4,4,4,4,3,2,4,4,4,2,3,2,3,2,3,4,4,4,4,3,2,3,2,3,3,3,4,4,2,2,3,3,3,4,2,3,3,1,2,2,3,1,3,1,3.57142857142857,3.5,3.0,2.5,3.5,3.0
120,2,1,1,4,4,4.0,3,5.0,2.0,5,5.0,4,4.0,4.0,3,3.0,3,5.0,4,4,4,2.0,5,3.0,3.0,1,1,4.0,4,3,5.0,5,5,4,3,5,5,5,5,4,4,0,0,0,0,0,0,4,1,5,3,3,2,1,4,2,3,2,2,3,3,4,3,2,1,5,3,4,3,3,4,3,2,3,4,4,5,4,2,2,3,1,2,5,2,1,3,4,4,5,5,5,4,4,5,2,1,2,1,0,1,2,2,4.57142857142857,3.83333333333333,4.66666666666667,3.5,1.0,3.66666666666667
121,1,1,1,2,2,4.0,2,2.0,4.0,2,4.0,2,5.0,4.0,5,2.0,1,1.0,2,2,1,1.0,2,4.0,4.0,4,2,4.0,4,4,5.0,5,2,2,4,2,1,4,2,4,2,0,1,1,1,0,0,4,3,5,5,4,4,1,4,2,2,3,3,2,2,2,2,2,2,3,1,1,4,2,3,2,2,2,2,2,4,2,3,3,2,2,3,2,2,1,3,2,1,2,4,2,2,2,2,1,2,1,4,1,1,1,2,3.71428571428571,1.83333333333333,2.66666666666667,4.5,3.0,2.0
122,5,5,5,3,2,5.0,4,3.0,1.0,2,2.0,2,5.0,5.0,5,3.0,3,3.0,3,2,2,2.0,4,2.0,5.0,1,1,4.0,5,5,5.0,5,5,1,2,4,4,4,4,4,5,0,1,0,1,0,0,2,3,2,2,2,5,1,4,3,2,2,2,3,2,2,2,2,3,3,3,5,4,2,4,2,2,3,2,2,5,1,2,4,1,2,3,2,3,2,3,3,3,3,3,1,1,2,1,4,1,1,1,1,1,2,1,4.71428571428571,2.5,2.0,5.0,1.0,3.0
123,3,5,3,2,3,4.0,3,3.0,3.0,3,3.0,3,4.0,4.0,4,2.0,2,2.0,3,2,4,2.0,3,3.0,4.0,4,3,4.0,3,4,4.0,4,3,3,3,3,3,3,3,3,3,0,1,0,0,1,0,5,5,5,3,5,5,1,4,2,2,2,2,2,2,2,2,2,1,4,3,4,4,3,2,2,2,3,1,2,1,1,1,1,1,3,3,4,2,1,1,4,1,5,5,4,4,4,4,4,2,1,4,2,2,3,0,3.42857142857143,2.66666666666667,3.0,4.0,3.5,2.66666666666667
124,4,5,4,3,2,3.0,3,2.0,2.0,3,3.0,3,4.0,3.0,2,3.0,4,4.0,4,4,4,4.0,3,3.0,2.0,2,2,3.0,3,3,3.0,3,3,3,3,3,3,3,3,3,3,0,1,0,1,0,0,5,4,1,1,5,5,1,4,1,1,1,1,4,5,3,4,5,2,5,5,5,5,1,5,2,1,1,1,1,5,1,5,5,1,3,1,5,5,1,1,5,1,5,5,5,5,5,3,5,1,2,1,0,2,3,0,3.0,3.83333333333333,3.0,2.5,2.0,2.66666666666667
125,1,4,3,4,2,4.0,1,4.0,3.0,2,4.0,4,4.0,4.0,4,3.0,4,4.0,4,5,4,2.0,4,4.0,4.0,3,2,4.0,4,4,4.0,4,3,4,5,5,5,4,4,2,4,1,1,0,0,0,0,1,1,1,1,1,1,1,4,1,1,1,1,1,1,1,1,1,1,1,1,2,2,1,3,1,1,1,2,1,1,2,2,2,2,2,1,1,1,1,1,1,1,1,1,5,2,3,2,3,2,2,3,0,3,3,2,4.0,4.33333333333333,3.33333333333333,4.0,2.5,2.33333333333333
126,4,5,3,4,4,3.0,3,3.0,3.0,2,2.0,4,4.0,4.0,4,4.0,4,3.0,4,4,3,3.0,3,3.0,3.0,3,3,3.0,3,3,4.0,3,3,3,3,3,4,3,2,4,4,0,1,0,1,1,1,4,3,4,4,3,3,1,4,4,3,3,4,3,3,3,4,4,5,4,4,3,3,4,3,3,3,4,3,4,4,4,3,3,5,5,5,4,3,4,3,4,3,3,4,3,2,4,4,5,1,1,1,1,1,1,2,3.14285714285714,3.5,2.66666666666667,4.0,3.0,3.66666666666667
127,3,5,3,2,3,3.0,2,2.0,2.0,3,3.0,2,3.0,3.0,2,4.0,3,3.0,2,3,3,2.0,3,3.0,2.0,3,2,3.0,2,3,2.0,2,3,2,3,2,2,3,2,3,3,1,1,1,1,1,0,2,1,1,1,3,3,1,4,3,3,3,2,2,3,3,2,1,3,4,2,1,2,2,3,4,2,2,2,2,2,2,3,2,3,2,1,2,3,2,3,2,2,3,3,4,4,4,3,2,2,1,2,0,2,2,1,2.42857142857143,2.83333333333333,2.66666666666667,2.5,2.5,2.33333333333333
128,4,2,2,5,3,4.0,5,5.0,3.0,2,2.0,4,5.0,2.0,3,3.0,4,3.0,4,2,4,1.0,1,2.0,5.0,2,1,2.0,5,5,5.0,5,5,4,2,4,5,5,5,3,4,0,0,0,1,1,0,5,5,5,2,5,3,2,Kiến thức từ sách và cảm xúc bản thân với vấn đề,4,1,1,1,4,5,1,1,1,3,5,5,5,2,2,1,5,2,3,1,5,3,1,1,5,5,5,5,5,3,1,1,1,1,5,5,3,4,5,4,5,2,1,3,2,2,3,2,4.85714285714286,3.16666666666667,2.66666666666667,2.5,1.5,4.33333333333333
129,1,2,2,4,4,3.0,2,4.0,3.0,2,2.0,4,4.0,4.0,4,2.0,2,4.0,3,4,3,2.0,2,2.0,2.0,2,1,2.0,3,2,2.0,1,3,3,3,1,3,3,4,4,3,0,0,1,0,0,0,4,4,4,4,4,4,1,4,4,4,4,4,4,4,3,4,4,4,4,4,4,4,4,4,4,4,4,4,4,4,4,4,4,4,4,4,4,4,4,4,4,4,4,4,4,4,4,4,4,2,2,3,0,2,3,2,2.14285714285714,3.16666666666667,2.66666666666667,4.0,1.5,3.33333333333333
130,4,3,3,4,4,4.0,2,4.0,4.0,2,2.0,5,5.0,5.0,5,4.0,4,4.0,4,4,4,2.0,3,4.0,4.0,4,2,4.0,4,4,4.0,4,4,2,2,4,4,4,5,4,4,1,1,1,1,0,0,3,3,1,1,3,4,1,4,1,3,3,2,1,1,1,1,1,1,2,1,1,1,1,1,1,2,3,4,3,1,2,2,2,2,2,2,2,1,2,3,3,3,4,4,3,3,2,3,1,2,2,4,1,2,2,2,4.0,3.66666666666667,3.0,5.0,3.0,3.33333333333333
131,1,2,1,1,4,3.36279069767442,4,4.0,4.0,3,4.0,2,4.0,1.0,1,1.0,1,1.0,1,1,1,1.0,1,1.0,1.0,2,2,3.0,1,1,2.0,1,1,1,2,2,2,1,1,2,3,1,1,1,0,0,0,3,4,2,2,2,4,1,4,2,1,1,1,1,3,2,1,1,3,5,2,1,4,3,4,1,1,4,1,1,3,1,2,2,1,2,1,5,4,1,5,5,5,5,5,2,2,5,4,1,1,1,4,2,2,3,2,1.28571428571429,1.16666666666667,3.0,1.0,2.0,3.0
132,5,5,4,4,4,4.0,4,4.0,4.0,4,4.0,4,4.0,4.0,4,4.0,4,4.0,4,4,4,4.0,4,4.0,4.0,4,4,4.0,4,4,4.0,4,4,4,4,4,4,4,4,4,4,0,0,1,1,0,0,3,3,3,3,3,3,3,Bản thân,2,2,2,2,4,3,2,3,2,3,4,3,4,4,3,4,3,2,3,3,2,4,3,3,3,3,3,3,3,4,2,3,4,3,4,4,4,4,3,3,2,1,1,3,0,1,1,2,4.0,4.0,4.0,4.0,4.0,4.0
133,4,5,3,4,2,3.0,3,4.0,4.0,3,4.0,4,3.0,4.0,3,4.0,4,2.0,2,2,3,2.0,3,4.0,4.0,4,2,3.0,3,4,4.0,3,3,2,2,3,2,3,2,3,3,0,1,1,1,0,0,2,3,2,3,4,4,4,"truyện, bài hát",3,2,3,3,2,2,2,2,3,2,2,2,3,4,4,5,3,2,3,3,2,4,3,3,3,3,2,2,4,5,2,4,4,3,4,4,5,4,4,4,5,2,2,3,0,1,1,2,3.28571428571429,2.5,3.66666666666667,3.5,3.0,3.0
134,1,5,4,3,3,4.0,2,4.0,2.0,3,3.0,4,5.0,2.0,4,2.0,2,2.0,3,2,3,2.0,4,3.0,5.0,4,2,4.0,5,5,5.0,4,3,1,4,3,4,4,3,2,3,0,0,0,0,1,0,2,4,2,3,3,2,1,4,3,3,3,3,3,3,3,3,3,3,3,4,3,4,3,4,3,4,4,3,4,3,4,5,4,3,4,5,4,4,4,3,3,3,3,3,3,4,4,4,4,1,1,3,2,2,3,0,4.14285714285714,2.66666666666667,3.33333333333333,3.0,3.0,2.66666666666667
135,1,1,1,3,3,4.0,2,3.0,4.0,3,4.0,4,3.0,2.0,3,2.0,4,4.0,4,4,4,2.0,3,3.0,4.0,4,2,3.0,4,4,4.0,2,3,2,4,4,4,4,4,2,3,0,1,1,0,1,1,1,2,1,2,3,3,1,4,2,3,2,3,1,3,2,2,2,2,2,1,1,3,3,3,2,2,2,2,1,1,2,3,2,2,4,4,2,4,2,3,3,4,3,3,2,2,2,2,3,1,2,3,0,3,3,2,3.57142857142857,4.0,3.66666666666667,2.5,3.0,2.66666666666667
136,4,4,5,2,4,4.0,4,5.0,3.0,5,4.0,4,4.0,4.0,5,4.0,5,5.0,5,3,5,5.0,4,4.0,4.0,4,4,4.0,5,5,5.0,5,5,4,4,4,5,5,5,4,4,0,0,1,0,0,0,4,4,2,1,4,2,1,4,2,2,2,1,2,3,3,2,3,1,3,3,3,4,2,5,3,2,2,2,2,5,3,2,3,1,3,1,5,3,1,5,3,3,5,5,5,3,3,3,3,2,2,3,0,2,3,0,4.85714285714286,4.5,4.33333333333333,4.5,4.0,3.33333333333333
137,4,3,5,2,3,4.0,4,3.0,2.0,1,2.0,3,4.0,4.0,5,3.0,3,5.0,2,1,2,1.0,1,4.0,5.0,1,1,1.0,3,1,1.0,1,3,3,2,5,5,4,3,4,3,1,1,1,0,0,0,4,3,2,1,2,4,1,4,2,2,3,4,2,4,2,3,3,2,1,3,4,2,3,2,4,2,4,2,3,1,4,3,3,2,3,3,2,3,3,2,3,3,2,3,3,2,4,4,2,2,1,2,0,2,2,2,2.57142857142857,2.5,2.0,4.5,1.0,3.0
138,2,4,3,4,4,3.0,2,4.0,3.14418604651163,3,4.0,3,4.0,3.0,4,2.0,4,3.0,3,2,2,3.0,2,2.0,4.0,3,2,3.0,4,4,4.0,4,3,3,3,3,4,4,4,4,3,1,0,1,0,0,0,3,3,4,2,5,4,1,4,3,2,4,1,1,1,1,1,1,1,1,1,1,2,2,2,1,1,1,1,1,1,1,1,1,1,2,2,1,1,1,3,3,2,3,1,3,4,4,3,2,2,1,1,1,3,3,2,3.71428571428571,2.83333333333333,3.33333333333333,3.5,2.5,3.33333333333333
139,4,5,4,3,3,4.0,3,5.0,3.0,2,3.0,3,4.0,4.0,4,3.0,4,4.0,4,3,3,4.0,4,4.0,5.0,4,4,4.0,5,5,5.0,4,5,4,4,5,5,5,5,5,4,0,0,1,0,0,0,3,3,3,3,3,3,1,4,3,3,3,3,3,3,3,3,3,3,3,3,3,3,3,3,3,3,3,3,3,3,3,3,3,3,3,3,3,3,3,3,3,3,3,3,3,3,3,3,3,1,1,2,0,3,3,2,4.85714285714286,3.66666666666667,2.66666666666667,4.0,4.0,3.0
140,5,5,2,2,4,3.0,2,4.0,3.0,4,4.0,4,4.0,4.0,3,5.0,4,5.0,5,3,4,5.0,4,5.0,4.0,4,4,4.0,4,5,4.0,4,4,4,5,4,4,4,4,4,4,0,0,0,0,1,0,3,3,2,2,3,5,3,Gia đình,3,2,3,4,5,3,3,4,1,3,3,1,4,3,4,1,3,4,3,4,2,1,4,4,4,2,2,2,4,2,3,5,4,3,3,4,1,1,1,5,5,2,1,4,0,2,3,2,4.14285714285714,4.33333333333333,4.0,3.5,4.0,2.66666666666667
141,1,1,1,2,1,3.0,1,4.0,3.0,1,1.0,1,3.0,3.0,1,1.0,1,2.0,2,1,2,1.0,1,3.0,4.0,3,1,2.0,1,1,3.0,2,2,1,1,1,1,1,1,1,1,0,1,1,1,1,0,2,5,1,1,2,2,1,4,4,2,2,2,2,3,1,2,3,1,5,1,1,5,1,5,2,3,3,2,2,4,1,3,3,3,2,2,5,3,2,2,2,3,3,3,4,4,2,2,3,2,1,4,0,2,3,2,1.57142857142857,1.5,1.0,2.0,2.0,1.33333333333333
142,1,1,1,3,1,1.0,2,3.0,4.0,3,5.0,4,4.0,2.0,4,3.0,4,5.0,1,1,1,1.0,4,5.0,5.0,1,5,4.0,5,5,5.0,5,5,5,3,4,5,5,4,1,1,0,1,1,0,1,0,4,4,4,4,4,4,1,4,1,2,1,2,2,3,2,1,2,1,2,2,3,5,4,3,2,1,3,2,1,1,2,3,3,3,4,4,1,3,1,4,2,3,2,2,1,1,1,1,2,2,1,2,2,3,2,2,4.85714285714286,2.5,4.0,3.0,3.0,2.0
143,3,5,4,1,1,3.0,5,5.0,5.0,3,5.0,1,5.0,5.0,5,1.0,5,5.0,5,5,5,1.0,5,5.0,5.0,1,5,5.0,5,3,1.0,5,5,1,5,5,5,5,5,5,5,0,0,1,1,0,0,1,2,2,2,2,2,1,4,3,2,2,2,2,2,2,2,2,2,2,2,2,2,2,4,2,2,4,2,2,4,2,2,2,2,2,2,2,2,2,2,2,2,3,3,3,3,3,3,3,2,2,3,1,2,3,2,4.14285714285714,5.0,3.0,5.0,3.0,2.33333333333333
144,5,5,4,4,5,5.0,3,4.0,4.0,3,5.0,5,5.0,3.26046511627907,3,3.0,5,5.0,5,3,5,3.0,5,5.0,5.0,5,5,5.0,4,4,4.0,4,4,4,4,4,4,4,4,4,4,0,0,0,0,0,0,2,3,2,2,3,3,1,4,3,3,3,2,3,3,2,2,3,3,3,3,3,3,3,4,3,2,3,3,3,3,3,3,3,3,3,3,3,3,2,3,3,3,3,3,4,4,4,4,4,1,1,1,0,3,3,0,4.0,4.5,4.33333333333333,3.13023255813953,5.0,4.0
145,1,3,3,3,4,3.0,4,3.0,2.0,2,3.0,4,3.0,4.0,4,3.0,2,4.0,4,3,2,2.0,2,2.0,4.0,2,2,4.0,4,3,3.0,4,2,2,2,2,3,2,4,2,4,0,0,1,1,0,0,1,1,1,1,2,5,1,4,1,1,1,1,1,1,1,1,1,1,1,1,1,1,1,1,1,1,1,1,1,1,1,1,1,1,1,1,1,1,1,1,1,1,1,1,2,2,3,3,1,2,2,1,0,3,3,2,2.85714285714286,2.83333333333333,3.0,4.0,2.0,3.66666666666667
146,1,1,1,3,3,3.0,3,3.0,3.0,3,3.0,3,3.0,3.0,3,3.0,3,3.0,3,2,3,1.0,3,1.0,3.0,3,2,2.0,2,3,3.0,3,2,3,3,4,3,4,3,3,3,0,1,0,1,0,0,1,4,1,2,3,3,4,"Hội nhóm, bạn bè",3,2,4,2,3,2,2,3,1,1,3,3,1,5,3,2,2,4,4,3,3,2,4,2,3,1,2,3,1,4,1,4,4,1,2,3,1,2,4,2,2,1,1,3,0,1,1,2,3.0,2.83333333333333,3.0,3.0,2.5,3.0
147,3,5,5,2,2,3.0,3,3.0,3.0,3,4.0,4,4.0,4.0,2,3.0,4,4.0,3,2,3,3.0,3,5.0,4.0,2,3,4.0,3,5,5.0,5,4,5,3,5,5,4,4,4,5,0,0,0,1,0,1,3,3,1,3,2,2,1,4,3,3,2,2,3,3,2,3,3,3,2,3,3,3,3,5,4,2,3,2,2,3,2,2,2,2,2,2,2,3,2,3,3,2,3,3,3,2,2,2,1,2,1,1,0,1,1,0,4.42857142857143,3.16666666666667,3.66666666666667,3.0,2.5,2.33333333333333
148,1,1,1,4,4,1.0,1,1.0,3.0,1,3.0,1,1.0,1.0,1,1.0,2,1.0,1,2,2,1.0,1,1.0,1.0,1,1,2.0,2,1,1.0,1,1,1,1,1,1,1,1,1,1,0,0,0,0,0,0,1,1,1,1,5,5,1,4,1,1,1,1,1,1,1,1,1,1,1,1,1,5,5,5,1,1,1,1,1,5,1,5,5,1,1,1,1,1,1,1,1,1,1,1,1,3,5,5,1,2,2,4,0,1,2,2,1.14285714285714,1.5,1.66666666666667,1.0,1.0,3.0
149,2,1,1,4,3,4.0,4,3.0,3.0,3,3.0,3,3.0,3.0,3,3.0,3,3.0,3,3,3,3.0,3,3.0,3.0,3,3,3.0,3,3,3.0,3,3,3,3,3,3,3,3,3,3,0,1,1,1,1,0,2,3,1,1,1,3,1,4,3,3,3,3,3,4,3,3,3,3,3,3,3,3,3,3,3,3,3,3,3,3,3,3,3,3,3,3,3,3,3,3,3,3,3,3,3,3,3,3,3,1,1,4,0,2,3,0,3.0,3.0,3.0,3.0,3.0,3.66666666666667
150,3,3,4,1,3,4.0,4,5.0,4.0,3,3.0,3,4.0,4.0,4,3.0,5,5.0,5,4,5,4.0,3,4.0,5.0,3,5,4.0,5,5,4.0,4,3,2,4,4,5,3,4,3,5,0,0,1,0,0,0,1,2,1,2,2,3,3,chính bản thân,2,1,3,2,3,4,3,2,3,1,4,5,4,5,2,5,4,2,2,4,2,5,4,1,2,3,4,2,5,3,1,1,4,1,5,5,1,1,1,3,4,1,1,1,0,1,1,2,4.0,4.66666666666667,3.0,4.0,4.0,2.66666666666667
151,4,3,4,5,4,5.0,4,5.0,3.0,2,2.0,4,5.0,5.0,2,2.0,4,5.0,4,4,5,1.0,1,5.0,4.0,2,2,2.0,2,3,4.0,5,3,5,3,5,5,5,5,4,5,0,0,0,1,1,0,1,1,4,4,2,1,1,4,2,1,2,3,4,1,4,4,4,2,1,1,1,1,1,1,3,4,2,4,4,1,3,3,3,2,3,2,4,4,5,5,4,1,1,2,3,2,3,2,1,1,1,3,0,2,2,2,3.85714285714286,4.16666666666667,2.66666666666667,3.5,2.0,4.33333333333333
152,5,5,5,2,4,2.0,2,4.0,4.0,3,4.0,3,4.0,4.0,4,3.0,4,4.0,4,3,4,4.0,4,4.0,4.0,3,2,4.0,4,3,3.0,4,3,3,3,4,4,4,4,4,4,0,1,1,1,0,0,1,1,1,1,1,1,1,4,1,1,1,1,1,1,1,1,1,5,4,5,1,5,1,5,5,1,5,1,5,5,1,1,1,1,1,1,5,5,1,1,5,1,5,5,4,4,4,4,3,2,1,4,0,3,3,2,3.57142857142857,3.66666666666667,3.33333333333333,4.0,2.5,2.66666666666667
153,2,1,1,3,4,4.0,3,3.0,2.0,3,3.0,4,4.0,4.0,4,3.0,4,4.0,3,2,2,2.0,3,1.0,4.0,1,2,1.0,3,5,5.0,3,5,1,3,5,5,4,4,3,3,0,1,1,0,0,0,4,3,2,2,2,3,1,4,2,2,3,2,2,3,2,2,3,2,4,3,3,5,2,5,3,3,2,3,2,5,3,3,3,2,3,2,4,2,2,5,4,4,5,5,4,4,5,3,5,2,2,4,0,3,3,0,4.28571428571429,3.0,3.33333333333333,4.0,1.5,3.33333333333333
154,4,1,1,3,1,2.0,1,4.0,1.0,1,1.0,1,4.0,3.0,4,1.0,1,4.0,1,1,3,3.0,1,4.0,1.0,2,1,4.0,1,1,1.0,1,3,1,1,4,1,3,1,4,1,0,1,0,0,1,0,3,3,1,1,2,3,1,4,3,3,3,3,3,2,3,2,3,3,3,3,3,3,2,3,2,3,2,2,2,3,3,2,2,2,2,2,3,2,2,3,2,2,3,3,3,3,3,3,3,2,2,1,0,2,2,0,2.0,1.83333333333333,1.0,3.5,1.5,1.66666666666667
155,1,2,1,4,2,4.0,2,4.0,4.0,3,3.0,3,4.0,4.0,3,3.0,3,3.0,2,2,2,2.0,4,3.0,4.0,3,2,3.0,4,4,4.0,4,2,2,2,4,3,4,4,2,3,0,0,1,1,0,0,3,3,4,2,2,3,1,4,4,4,3,2,4,3,3,3,3,4,4,5,3,3,3,4,3,4,4,4,4,3,4,4,3,4,4,3,4,4,1,3,3,2,4,4,3,3,3,3,4,2,2,1,0,1,2,0,3.71428571428571,2.33333333333333,3.0,3.5,2.5,2.66666666666667
156,5,5,5,5,4,5.0,5,5.0,5.0,2,3.0,4,4.0,5.0,5,3.0,5,5.0,5,5,4,2.0,4,3.0,4.0,4,3,3.0,5,5,3.68691588785047,5,5,5,4,5,5,5,5,3,5,0,1,0,0,0,0,4,5,2,1,2,3,1,4,2,1,1,1,3,2,2,2,2,1,4,2,2,3,3,5,2,1,3,2,2,4,2,3,2,2,3,2,3,4,1,3,3,3,4,4,3,3,2,3,2,2,1,4,0,1,1,0,4.81241655540721,4.66666666666667,3.0,5.0,3.5,4.66666666666667
157,4,2,2,3,3,5.0,4,4.0,5.0,1,1.0,4,4.0,4.0,4,4.0,3,5.0,3,1,4,1.0,5,5.0,3.0,1,3,1.0,2,2,2.0,4,4,1,3,4,4,4,5,3,3,0,0,0,0,0,0,5,3,1,1,5,5,1,4,4,3,2,4,2,3,1,2,1,2,4,2,5,5,5,5,3,4,3,3,4,3,4,4,3,3,4,2,3,3,3,4,5,3,4,4,3,4,2,2,1,2,2,1,0,2,2,0,3.14285714285714,3.16666666666667,2.0,4.0,2.0,3.33333333333333
158,2,1,1,1,2,2.0,1,4.0,2.0,2,4.0,4,3.0,3.0,2,2.0,3,2.0,2,2,2,2.0,4,4.0,2.0,3,1,2.0,4,3,2.0,3,3,3,2,3,5,4,4,3,4,0,1,0,1,0,0,3,2,1,1,2,2,1,4,3,3,4,4,4,3,3,2,2,2,2,3,3,2,3,4,3,2,3,3,3,4,3,3,3,3,3,4,4,4,2,5,3,4,4,4,2,3,3,3,2,2,2,1,1,1,1,1,3.14285714285714,2.16666666666667,3.33333333333333,2.5,2.0,1.33333333333333
159,1,1,1,5,4,5.0,4,4.0,3.0,2,5.0,4,4.0,4.0,2,2.0,4,4.0,4,4,4,2.0,2,4.0,4.0,2,2,2.0,4,4,4.0,4,3,2,4,4,4,4,5,3,4,0,1,0,1,0,1,4,3,3,2,3,2,1,4,3,4,4,5,5,5,5,5,5,5,4,5,5,5,5,5,5,4,5,5,4,5,5,4,3,3,3,4,3,4,4,3,2,2,2,2,3,2,3,3,5,2,1,1,2,2,2,0,3.85714285714286,4.0,3.66666666666667,3.0,2.0,4.33333333333333
160,3,5,4,4,2,4.0,4,5.0,2.0,4,5.0,3,5.0,4.0,4,4.0,3,3.0,4,1,2,4.0,4,3.0,5.0,1,1,2.0,5,5,5.0,5,5,2,3,2,5,5,5,4,4,1,1,0,0,1,0,4,3,1,2,1,3,1,4,1,3,1,1,1,2,1,1,1,1,1,4,4,3,2,1,1,1,1,1,2,1,1,1,1,1,1,1,1,1,1,1,1,1,1,1,3,3,1,2,4,1,2,2,1,1,1,1,4.57142857142857,2.66666666666667,4.0,4.0,1.0,3.33333333333333
161,1,3,3,3,2,4.0,3,4.0,4.0,3,3.0,4,4.0,4.0,4,3.0,4,4.0,3,3,4,3.0,3,4.0,3.0,3,3,4.0,4,3,3.0,4,4,3,3,3,4,4,4,3,4,0,0,0,0,0,0,2,2,1,3,4,4,1,4,2,3,2,1,1,3,1,1,1,4,5,3,2,1,1,4,2,2,5,1,1,3,2,5,2,5,4,4,2,1,1,3,5,4,3,2,3,2,3,2,3,1,2,2,1,1,1,0,3.57142857142857,3.5,3.33333333333333,4.0,3.0,2.66666666666667
162,3,4,3,3,4,4.0,3,3.0,3.0,2,2.0,4,3.0,3.0,4,3.0,3,4.0,4,2,3,1.0,3,3.0,4.0,3,3,1.0,1,1,4.0,4,3,3,3,3,4,4,4,3,4,0,1,0,0,0,0,3,2,1,1,3,1,1,4,2,2,2,2,2,2,1,2,1,2,1,1,1,5,1,4,1,2,2,3,3,4,3,2,2,2,3,4,2,3,1,4,4,1,2,2,1,1,1,1,1,2,1,4,1,1,2,2,2.85714285714286,3.16666666666667,2.66666666666667,3.5,3.0,3.33333333333333
163,1,1,1,4,2,1.0,1,4.0,1.0,1,4.0,4,1.0,1.0,1,1.0,1,1.0,1,1,1,1.0,3,1.0,1.0,1,1,1.0,3,1,3.0,4,4,1,1,1,4,3,2,1,1,0,1,0,0,0,0,1,1,1,2,3,1,1,4,4,4,4,4,3,4,3,3,2,3,3,3,1,5,1,5,2,1,4,4,5,5,2,2,2,3,2,2,1,5,2,2,3,4,3,4,2,2,3,1,1,2,2,1,0,2,3,2,2.71428571428571,1.0,3.0,1.0,1.0,2.33333333333333
164,3,2,1,4,4,4.0,4,4.0,3.0,3,4.0,3,4.0,4.0,3,3.0,4,4.0,4,3,4,3.0,3,3.0,2.0,3,1,3.0,4,3,3.0,3,3,3,3,3,3,3,3,3,3,0,0,0,1,0,0,3,3,2,1,3,3,1,4,3,3,4,4,2,5,5,5,2,5,5,5,2,5,3,5,3,5,5,2,2,5,2,4,3,3,4,4,3,5,1,2,3,4,4,4,2,2,2,3,5,2,1,1,0,1,2,2,3.14285714285714,3.66666666666667,3.33333333333333,3.5,2.0,4.0
165,3,4,2,3,4,4.0,3,4.0,3.0,3,3.0,4,4.0,3.0,3,3.0,3,3.0,3,3,3,3.0,3,3.13425925925926,4.0,3,2,3.0,3,3,3.0,3,3,3,3,3,3,3,3,3,3,1,0,0,1,1,0,2,5,3,2,3,5,1,4,2,2,4,1,2,4,4,3,3,5,5,5,3,5,5,5,3,3,3,2,2,5,2,5,2,3,4,4,5,2,1,3,5,2,5,5,5,5,5,3,5,2,2,4,2,2,3,2,3.0,3.0,3.33333333333333,3.0,2.5,3.33333333333333
166,1,1,1,2,1,2.0,4,4.0,4.0,4,4.0,4,4.0,3.0,2,2.0,2,2.0,2,2,2,2.0,2,2.0,4.0,2,2,2.0,2,4,4.0,4,2,2,2,4,4,4,2,2,2,0,1,0,0,0,0,3,3,2,3,4,4,1,4,2,2,1,2,3,4,4,3,1,2,4,4,5,5,3,3,4,1,2,2,2,2,4,4,4,3,3,2,2,2,4,4,4,4,5,5,4,3,4,3,1,2,1,4,1,1,2,2,3.42857142857143,2.0,4.0,2.5,2.0,2.33333333333333
167,5,5,5,2,4,4.0,2,4.0,4.0,4,4.0,4,4.0,4.0,4,2.0,4,4.0,4,4,4,1.0,2,3.0,4.0,2,2,2.0,4,3,3.0,4,4,3,3,3,4,4,4,4,4,0,1,0,1,1,1,3,3,2,2,3,3,1,4,2,2,2,2,3,4,3,2,3,4,5,3,2,5,4,5,2,2,3,1,2,5,5,5,2,3,2,3,5,5,1,3,4,5,5,5,5,5,5,5,5,2,2,1,0,1,1,2,3.57142857142857,3.83333333333333,4.0,4.0,2.0,2.66666666666667
168,5,5,4,5,3,3.0,3,4.0,4.0,2,3.0,2,4.0,3.0,3,2.0,2,3.0,2,2,3,1.0,1,1.0,5.0,4,4,2.0,3,3,2.0,2,2,2,3,3,4,4,3,4,5,0,0,0,1,0,0,2,2,1,1,3,3,1,4,3,3,3,2,2,3,2,2,2,2,2,2,2,3,2,4,3,2,4,2,2,4,3,3,1,1,1,2,2,2,2,2,4,2,3,3,2,2,3,2,5,2,2,1,0,3,2,2,2.71428571428571,2.5,2.33333333333333,3.0,4.0,3.66666666666667
169,5,5,5,4,4,4.0,4,4.0,3.0,3,3.0,4,4.0,5.0,5,3.0,4,4.0,4,3,4,2.3287037037037,4,2.0,4.0,2,1,3.0,4,4,4.0,4,4,4,3,4,3,3,5,3,5,0,0,0,0,0,0,1,3,1,1,3,2,1,Gia đình,2,2,3,2,2,2,1,2,2,3,3,3,1,4,3,4,3,2,3,2,1,4,2,2,2,1,4,4,4,3,2,3,2,2,3,4,4,3,3,2,4,2,1,1,0,1,1,0,3.85714285714286,3.66666666666667,3.33333333333333,5.0,1.5,4.0
170,4,3,4,3,3,4.0,4,3.0,2.0,2,1.0,1,4.0,4.0,4,1.0,4,5.0,3,4,4,1.0,1,2.0,4.0,4,4,4.0,5,3,1.0,1,1,1,1,1,5,5,3,3,3,0,0,0,1,1,0,5,4,5,4,5,4,1,4,2,2,3,3,3,3,3,2,3,3,2,3,3,3,2,2,2,3,3,3,2,2,2,3,3,3,3,3,2,2,2,3,3,3,3,2,3,3,3,3,3,2,2,1,0,3,3,2,2.42857142857143,3.5,1.33333333333333,4.0,4.0,3.33333333333333
171,1,1,1,3,4,1.0,1,3.0,1.0,1,3.0,4,2.0,1.0,1,1.0,1,1.0,1,1,1,1.0,1,1.0,2.0,1,1,1.0,1,1,1.0,1,1,1,1,1,1,1,1,1,1,0,1,0,0,0,0,3,3,3,3,3,3,1,4,2,3,2,2,2,2,2,2,2,2,2,2,2,2,2,2,2,2,2,2,2,2,2,2,2,2,2,2,2,3,2,2,2,2,2,2,3,2,3,3,1,2,1,3,1,2,2,2,1.0,1.0,2.66666666666667,1.0,1.0,2.66666666666667
172,2,4,1,4,1,1.0,1,1.0,2.0,2,1.0,1,3.0,3.0,3,4.0,4,4.0,4,2,2,2.0,4,2.0,3.56018518518519,4,2,4.0,2,2,2.0,4,2,2,4,2,2,2,2,2,4,0,0,0,1,0,0,4,4,1,2,3,4,1,4,2,2,3,1,1,1,1,1,1,2,4,1,1,1,1,4,1,1,3,1,1,4,3,3,2,2,1,1,1,2,1,1,1,1,4,4,3,2,3,2,2,2,2,3,0,2,3,2,2.28571428571429,3.33333333333333,1.33333333333333,3.0,3.0,2.0
173,5,5,4,3,4,3.0,3,4.0,3.0,3,4.0,4,3.0,5.0,5,3.0,3,4.0,4,3,3,4.0,3,4.0,4.0,4,3,3.0,4,3,3.0,3,3,3,4,3,3,4,3,4,3,0,0,0,1,0,1,3,3,3,1,1,1,1,4,4,3,2,3,3,2,1,3,3,1,3,3,1,3,3,4,3,2,4,2,4,2,4,1,4,4,2,1,3,4,1,1,1,3,3,2,4,2,3,1,1,2,2,1,0,1,1,0,3.28571428571429,3.5,3.66666666666667,5.0,3.5,3.33333333333333
174,1,1,1,4,2,4.0,3,4.0,4.0,2,2.0,3,3.0,4.0,2,3.0,2,4.0,3,1,3,1.0,2,2.0,5.0,2,3,2.0,4,4,4.0,4,2,2,1,2,4,3,4,2,4,0,0,0,1,0,0,2,2,2,2,3,2,1,4,2,2,2,2,2,2,2,2,2,2,2,2,2,2,2,2,2,2,2,2,2,2,2,2,2,2,2,2,2,2,2,3,3,2,2,2,3,3,3,3,2,2,1,4,0,2,2,0,3.28571428571429,2.33333333333333,2.33333333333333,3.0,2.5,3.0
175,3,2,1,1,5,3.0,1,4.0,1.0,3,1.0,1,5.0,4.0,3,1.0,3,3.0,2,1,5,3.0,3,4.0,1.0,3,4,3.0,4,2,3.0,4,2,1,1,5,5,5,5,5,5,0,0,0,1,0,0,4,3,2,2,3,1,1,4,1,3,2,3,2,5,1,2,2,2,2,2,4,4,4,4,2,2,1,1,1,1,1,3,1,2,3,1,3,2,1,4,2,4,2,2,4,3,4,3,4,1,2,4,0,2,2,2,3.57142857142857,2.5,1.66666666666667,3.5,3.5,2.33333333333333
176,1,1,1,4,3,5.0,2,4.0,5.0,2,2.0,1,5.0,3.0,2,1.0,4,5.0,1,2,5,1.0,1,1.0,3.0,1,1,3.0,4,4,5.0,5,5,2,3,4,4,2,5,1,1,0,0,0,1,0,0,2,2,2,1,3,3,1,4,2,2,2,2,3,3,3,3,3,3,4,4,4,4,3,3,3,3,3,3,3,3,3,3,3,3,3,3,3,3,3,3,3,3,3,3,1,1,2,2,2,2,2,4,0,2,2,2,4.14285714285714,3.33333333333333,1.66666666666667,2.5,1.0,3.0
177,1,1,1,4,2,1.0,1,1.0,1.0,1,1.0,1,1.0,1.0,1,1.0,1,1.0,1,1,1,1.0,1,1.0,1.0,1,1,1.0,1,1,1.0,1,1,1,1,1,1,1,1,1,1,0,0,0,1,1,0,3,3,3,3,3,3,1,4,3,4,3,4,3,4,3,3,3,3,3,3,3,4,3,4,3,3,3,3,3,3,3,3,3,3,3,3,3,3,3,3,3,3,3,4,4,3,3,3,4,2,2,4,0,2,2,2,1.0,1.0,1.0,1.0,1.0,2.33333333333333
178,1,2,1,2,2,3.0,2,4.0,4.0,1,2.0,2,2.0,1.0,2,2.0,2,2.0,2,2,4,2.0,2,2.0,4.0,3,4,2.0,3,3,4.0,4,4,2,3,3,3,4,4,2,2,0,0,0,0,1,0,5,5,5,5,5,5,1,4,2,1,2,2,1,1,1,1,1,3,5,1,5,5,5,5,3,2,2,1,1,2,2,2,3,4,1,1,2,1,1,3,2,1,5,5,2,3,5,5,1,2,1,4,0,1,2,1,3.57142857142857,2.5,1.66666666666667,1.5,3.5,2.0
179,1,1,1,4,4,5.0,4,3.0,3.0,4,4.0,4,4.0,3.0,3,4.0,3,4.0,3,3,4,4.0,3,3.0,4.0,2,2,4.0,4,3,4.0,3,5,3,3,4,5,3,5,4,2,0,0,0,0,0,0,2,2,2,2,2,2,2,Tự tìm hiểu,2,2,2,2,2,2,2,2,2,2,2,2,2,2,2,2,2,2,2,2,2,2,2,2,2,2,2,2,2,2,2,2,2,2,2,2,3,3,3,3,3,2,2,4,0,1,1,0,3.71428571428571,3.33333333333333,4.0,3.0,2.0,4.0
180,1,1,1,4,3,4.0,4,5.0,3.0,3,4.0,4,5.0,3.0,3,4.0,5,5.0,5,4,5,3.0,4,2.0,4.0,4,3,4.0,5,5,5.0,5,4,5,4,5,5,5,5,5,5,0,0,0,0,0,0,2,2,2,2,2,2,1,4,2,3,3,3,4,4,2,3,3,4,4,4,3,4,4,4,4,3,3,3,3,4,3,3,3,3,3,3,3,3,3,3,3,3,3,3,3,3,3,3,3,2,2,4,0,2,3,2,4.85714285714286,4.66666666666667,3.66666666666667,3.0,3.5,3.66666666666667
181,3,5,5,2,2,2.0,2,2.0,3.0,2,2.0,2,2.0,3.0,3,2.0,2,2.0,2,2,2,2.0,2,2.0,3.0,2,2,2.0,2,2,2.0,2,2,2,2,2,2,2,2,2,2,1,0,0,0,1,0,5,5,5,5,5,5,1,4,2,3,3,2,2,2,3,2,3,2,3,2,3,2,3,3,3,3,3,3,3,3,3,3,3,3,3,3,3,3,2,2,2,2,2,2,2,3,2,2,3,2,1,4,0,3,2,1,2.0,2.0,2.0,3.0,2.0,2.0
182,4,5,4,2,5,4.0,2,3.0,2.0,3,3.0,3,2.0,3.0,2,3.0,4,3.0,4,3,4,2.0,4,4.0,4.0,5,1,3.0,3,4,4.0,4,4,2,4,4,4,3,3,2,2,0,1,0,0,1,0,3,3,3,2,3,1,2,Chẳng hạn như gia đình,2,1,2,2,3,3,3,2,2,3,3,2,1,1,1,3,3,2,3,2,2,3,2,2,2,2,2,2,3,4,1,3,3,1,2,3,3,3,3,3,4,2,1,3,0,2,3,2,3.71428571428571,3.66666666666667,3.0,2.5,3.0,3.0
183,1,1,1,2,2,1.0,2,2.0,2.0,2,2.0,2,2.0,2.0,2,2.0,1,2.0,2,2,2,2.0,2,2.0,2.0,2,2,2.0,2,2,2.0,2,2,2,2,2,2,2,2,2,2,0,0,0,0,0,0,1,3,1,2,3,3,1,4,1,4,4,2,2,5,2,2,3,3,5,5,1,5,5,4,5,4,5,4,4,5,5,4,3,3,4,4,4,3,2,4,5,3,5,5,3,4,4,4,1,2,1,4,1,3,2,0,2.0,1.83333333333333,2.0,2.0,2.0,2.0
184,3,5,4,2,3,4.0,3,4.0,4.0,3,4.0,4,4.0,3.0,3,4.0,3,3.0,3,3,3,3.0,2,4.0,5.0,4,3,3.0,4,4,4.0,3,3,2,2,4,4,3,4,3,5,0,0,0,0,0,0,5,5,3,2,4,4,1,4,4,3,2,3,3,2,3,4,2,1,4,2,4,5,3,4,5,3,2,3,3,4,3,3,4,5,4,3,2,2,4,4,3,3,4,4,4,3,3,3,4,2,1,3,0,2,2,0,3.57142857142857,2.83333333333333,3.66666666666667,3.0,3.5,2.66666666666667
185,1,1,1,2,2,2.0,2,2.0,2.0,2,2.0,2,2.0,2.0,2,2.0,2,2.0,2,2,2,2.0,2,2.0,2.0,2,2,2.0,2,2,2.0,2,2,2,2,2,2,2,2,2,2,1,0,0,1,1,1,4,4,2,3,3,3,1,Người thân,2,2,3,2,3,2,2,3,3,2,3,2,2,5,4,4,2,2,3,3,2,4,3,3,3,4,4,4,4,4,2,3,3,3,4,5,3,3,3,4,4,2,2,1,0,2,3,2,2.0,2.0,2.0,2.0,2.0,2.0
186,1,3,1,4,4,4.0,3,4.0,4.0,2,2.0,1,3.0,3.0,2,2.0,5,5.0,5,4,5,4.0,5,3.0,4.0,4,4,3.0,4,5,5.0,5,5,5,4,5,5,5,3,4,3,0,1,0,1,0,0,3,3,3,3,3,3,1,4,2,1,2,2,2,1,2,1,1,2,2,2,3,1,3,3,2,2,2,2,2,3,2,2,2,2,2,2,2,3,1,1,2,2,2,2,1,2,2,2,1,2,1,3,0,2,3,2,4.85714285714286,4.66666666666667,1.66666666666667,2.5,4.0,3.66666666666667
187,2,5,1,3,1,2.0,2,3.0,2.0,2,2.0,3,4.0,3.0,2,1.0,3,1.0,1,2,3,1.0,3,3.0,4.0,2,1,3.0,4,4,4.0,3,4,3,2,4,4,4,3,3,2,0,0,0,1,0,0,3,4,2,2,3,2,1,4,3,3,3,2,2,3,2,1,2,3,3,2,2,4,1,1,1,2,2,2,2,2,3,3,2,2,2,2,2,2,1,3,4,2,4,4,5,5,5,5,3,2,2,3,3,2,3,1,3.85714285714286,2.0,2.33333333333333,2.5,1.5,2.0
188,3,3,3,3,4,4.0,4,4.0,4.0,3,3.0,4,5.0,4.0,4,4.0,4,4.0,4,3,4,3.0,3,5.0,4.0,4,3,3.0,5,3,5.0,4,4,5,4,4,5,4,4,4,3,0,0,0,1,1,1,2,2,1,2,3,3,4,Tự biết cách chăm sóc và nâng cấp bản thân,3,3,4,3,4,2,4,1,3,3,4,4,3,3,3,2,3,2,3,3,4,2,3,3,3,4,3,2,4,3,3,4,4,4,4,3,4,3,3,4,2,2,1,4,1,2,3,1,4.14285714285714,3.83333333333333,3.33333333333333,4.0,3.5,3.66666666666667
189,2,5,3,3,1,1.0,4,5.0,2.0,2,3.0,4,4.0,2.0,3,3.0,3,2.0,4,1,3,1.0,3,2.0,4.0,4,1,3.0,4,3,5.0,4,4,2,3,4,4,4,4,5,4,1,0,0,1,0,0,1,1,1,3,3,4,1,4,2,2,2,2,2,2,2,2,2,2,2,2,2,2,2,2,2,2,2,2,2,2,2,2,2,2,2,2,2,2,2,2,2,2,2,2,2,2,2,2,3,2,1,3,1,1,1,1,4.0,2.66666666666667,3.0,2.5,2.5,2.66666666666667
190,1,2,2,4,3,3.0,4,5.0,5.0,3,5.0,4,4.0,3.0,4,4.0,4,2.0,3,3,3,2.0,4,4.0,4.0,4,1,4.0,5,5,5.0,5,5,2,4,5,5,5,4,4,4,0,0,0,1,0,0,2,3,1,1,3,2,1,4,3,3,4,3,3,2,2,2,1,2,2,2,1,3,3,5,2,4,5,4,3,4,4,3,3,4,4,4,5,3,3,3,3,3,3,3,5,5,5,5,2,2,1,4,0,3,2,2,5.0,3.16666666666667,4.0,3.5,2.5,3.66666666666667
191,3,4,4,3,4,2.0,1,4.0,5.0,3,4.0,4,5.0,5.0,4,4.0,5,5.0,5,3,4,3.0,5,5.0,5.0,5,5,5.0,5,4,5.0,5,3,2,2,2,5,2,5,2,2,0,0,0,0,1,0,2,4,2,1,4,4,1,4,2,1,3,3,1,3,1,2,2,2,2,1,3,4,4,4,3,2,3,1,2,4,2,2,2,2,2,4,4,3,1,3,3,3,3,3,4,4,4,3,4,2,1,3,1,1,2,0,3.71428571428571,4.0,3.66666666666667,4.5,5.0,2.66666666666667
192,1,1,1,5,4,3.0,4,3.0,2.0,2,1.0,1,1.0,1.0,1,1.0,1,2.0,2,1,2,1.0,1,3.0,1.0,1,1,2.0,3,3,4.0,2,2,1,1,3,5,5,3,2,1,0,0,0,0,0,0,3,3,3,3,3,3,1,4,3,3,3,3,3,3,3,4,4,3,4,4,4,5,4,4,3,4,3,3,4,3,3,3,3,4,3,4,3,4,4,3,4,4,4,5,2,2,5,5,1,2,1,4,0,1,1,0,3.14285714285714,1.5,1.33333333333333,1.0,1.0,4.33333333333333
193,1,1,1,4,4,4.0,3,4.0,4.0,3,4.0,4,3.0,2.0,3,4.0,5,3.0,4,3,5,5.0,4,4.0,4.0,4,1,3.0,4,3,4.0,4,4,2,3,3,2,3,4,5,3,0,0,0,0,0,0,2,2,2,2,2,2,1,4,2,2,2,2,2,2,2,1,2,2,3,2,2,2,2,3,2,2,2,2,2,2,2,2,2,2,2,2,2,2,2,2,2,2,3,3,3,2,3,3,3,2,1,4,1,1,2,2,3.57142857142857,3.83333333333333,3.66666666666667,2.5,2.5,3.66666666666667
194,1,4,2,3,4,2.0,2,3.59,1.0,3,3.0,3,2.0,2.0,2,3.0,2,4.0,4,1,4,1.0,2,2.0,3.0,1,1,1.0,3,3,4.0,4,3,1,3,4,4,4,3,1,3,0,0,0,1,0,0,5,4,2,2,3,3,1,4,1,3,3,3,3,5,3,2,2,4,4,2,1,4,1,5,2,1,3,3,3,4,3,4,4,4,4,4,5,5,3,3,3,2,4,5,4,4,4,2,3,2,1,3,0,1,1,1,3.57142857142857,3.0,3.0,2.0,1.0,3.0
195,1,2,1,3,1,1.0,3,2.0,1.0,4,4.0,4,4.0,3.0,4,2.0,3,4.0,2,1,3,1.0,2,4.0,4.0,3,3,3.0,4,4,5.0,5,3,5,2,5,4,2,3,2,4,0,0,0,1,0,0,5,5,5,5,5,5,1,4,1,1,1,1,1,1,1,1,1,1,1,1,1,1,1,1,1,1,1,1,1,1,1,1,1,1,1,1,1,1,1,1,1,1,1,1,1,1,1,1,1,2,1,3,0,1,3,2,4.0,2.5,4.0,3.5,3.0,2.33333333333333
196,1,1,1,1,1,1.0,1,1.0,1.0,1,1.0,1,1.0,1.0,1,1.0,1,1.0,1,1,1,1.0,1,1.0,2.0,1,2,2.0,1,2,1.0,1,2,1,1,1,1,1,1,1,1,0,0,0,1,1,1,1,1,1,1,5,5,1,4,1,1,1,1,1,1,1,1,1,1,4,2,2,4,4,3,2,2,4,2,2,3,2,2,3,2,3,2,2,1,1,1,4,1,3,2,1,1,1,1,1,2,1,4,1,3,2,0,1.28571428571429,1.0,1.0,1.0,1.5,1.0
197,4,5,3,3,3,1.0,4,2.0,4.0,3,2.0,3,3.0,2.0,5,3.0,4,1.0,4,2,4,2.0,4,2.0,3.0,4,2,1.0,2,3,2.0,4,2,4,2,3,3,4,3,2,3,0,0,0,1,0,0,4,4,2,2,3,3,1,4,3,2,2,3,3,2,2,3,2,4,3,3,2,2,2,3,3,3,2,3,2,2,3,2,2,3,3,2,2,3,2,2,2,3,3,2,3,3,4,3,4,2,1,3,0,1,1,1,2.85714285714286,2.83333333333333,2.66666666666667,3.5,3.0,3.33333333333333
198,3,4,1,3,3,4.0,3,3.0,2.0,3,4.0,3,3.49537037037037,3.0,2,2.0,3,4.0,3,2,3,2.0,3,4.0,3.0,3,2,3.0,3,3,5.0,3,4,2,3,3,4,4,4,3,3,0,1,0,0,0,0,2,3,1,2,3,2,1,4,2,1,2,1,1,3,2,2,2,2,2,1,3,4,3,4,3,2,3,2,3,2,3,4,4,3,2,1,3,3,1,4,2,2,3,4,2,3,4,2,1,2,1,3,0,1,3,2,3.57142857142857,3.0,3.33333333333333,2.5,2.5,3.0
199,3,5,2,4,3,4.0,3,4.0,4.0,3,4.0,2,4.0,4.0,4,2.0,2,2.0,3,3,3,3.0,3,2.0,4.0,3,2,4.0,4,4,4.0,4,3,3,2,3,4,4,4,4,3,0,0,1,0,0,0,2,2,2,3,3,3,5,4,3,3,4,2,2,4,2,2,2,2,4,2,2,4,3,5,2,2,4,2,3,5,2,4,2,2,3,3,4,3,2,4,4,4,4,4,4,3,4,4,5,2,1,3,0,2,2,2,3.71428571428571,2.5,3.0,4.0,2.5,3.33333333333333
200,5,3,5,2,4,4.0,2,2.0,4.0,2,4.0,4,4.0,2.0,4,2.0,2,2.0,2,2,2,2.0,2,4.0,4.0,2,2,2.0,4,4,4.0,4,4,4,2,4,4,4,3,5,5,0,0,1,0,0,0,1,1,1,1,4,1,4,4,1,1,1,1,4,4,1,1,1,1,1,1,1,1,1,4,1,1,1,1,1,4,1,1,1,1,1,1,1,1,1,1,1,1,1,1,4,4,4,4,4,1,1,2,0,2,2,2,4.0,2.0,3.33333333333333,3.0,2.0,2.66666666666667
201,1,1,1,2,3,4.0,4,4.0,3.0,3,3.0,4,3.0,3.0,4,4.0,4,3.0,3,3,3,3.0,3,4.0,3.0,3,3,3.0,4,3,3.0,4,3,3,3,3,3,2,3,3,3,0,1,1,1,1,0,3,3,1,1,3,3,3,4,3,3,2,3,4,3,2,3,3,4,3,3,3,2,3,3,3,2,3,3,3,2,3,3,2,3,3,2,4,3,3,2,3,3,3,2,3,3,2,3,3,2,1,1,0,2,2,2,3.14285714285714,3.16666666666667,3.33333333333333,3.5,3.0,3.0
202,1,3,1,4,3,3.0,4,5.0,5.0,4,4.0,4,3.0,4.0,3,3.0,4,4.0,4,4,4,4.0,3,4.0,5.0,4,3,4.0,4,4,4.0,3,4,3,3,4,4,4,4,4,3,0,0,0,1,1,0,1,2,1,1,2,1,1,4,2,2,1,1,1,3,2,2,2,3,3,2,2,3,3,3,3,2,2,1,3,3,2,3,3,3,2,2,2,2,2,3,2,2,2,3,3,2,3,2,2,2,1,3,0,2,2,0,3.85714285714286,3.83333333333333,4.0,3.5,3.5,3.66666666666667
